area,distance,first_registration,fuel,price,search,title,url,year
"Torolf Storsveens veg 27, 2411 Elverum",121911,2011-11-14,Bensin,124990,Mitsubishi Outlander,Mitsubishi Outlander 2.0 147HK/Automat/Cruise/R.Cam/Navi/Delskinn/Fosgate/BT,https://www.finn.no/car/used/ad.html?finnkode=344131873,2012
"Janaflaten 47, 5179 Godvik",95512,2019-02-06,El + Bensin,259000,Mitsubishi Outlander,"Mitsubishi Outlander Instyle+ 2,4 224hk OUTLET/SKINN/DAB/360KAM/ACC",https://www.finn.no/car/used/ad.html?finnkode=344151389,2019
"Rosenkrantzgata 85, 3018 Drammen",101600,2015-12-14,El + Bensin,219900,Mitsubishi Outlander,Mitsubishi Outlander 2.0 INSTYLE+ / ACC / 360KAM / ROCKFORD / SKINN / KROK++,https://www.finn.no/car/used/ad.html?finnkode=344166409,2016
"Kristian Birkelands vei 2, 4820 Froland",291000,2009-02-04,Diesel,45000,Mitsubishi Outlander,Mitsubishi Outlander 4x4/REG.REIM/7 SETTER,https://www.finn.no/car/used/ad.html?finnkode=344166646,2009
"Leangen Alle 6, 7044 Trondheim",56685,2018-11-05,El + Bensin,349000,Mitsubishi Outlander,Mitsubishi Outlander 2.4 230HK Instyle+ 7ÅRSGARANTI-NAVI-NORSK-KROK++,https://www.finn.no/car/used/ad.html?finnkode=344135822,2019
4200 Sauda,47400,2020-06-11,El + Bensin,359305,Mitsubishi Outlander,Mitsubishi Outlander OUTLANDER PHEV 2.4-135 4WD,https://www.finn.no/car/used/ad.html?finnkode=344149077,2020
"Strandgata 25, 4307 Sandnes",40000,2019-03-28,El + Bensin,319000,Mitsubishi Outlander,Mitsubishi Outlander 2.4 224hk Intense+ Soltak Alcantara Kamera Hengerfeste,https://www.finn.no/car/used/ad.html?finnkode=344142312,2019
"Industriveien 4 A, 7500 Stjørdal",23400,2020-09-28,El + Bensin,359705,Mitsubishi Outlander,Mitsubishi Outlander IINSTYLE Krok Ryggekamera Nybilgaranti,https://www.finn.no/car/used/ad.html?finnkode=344160608,2020
3614 Kongsberg,160073,2014-03-04,El + Bensin,125000,Mitsubishi Outlander,Mitsubishi Outlander Ladd hybrid/4WD/forvarming m nøkkel/Ryggekamera,https://www.finn.no/car/used/ad.html?finnkode=344082603,2014
"Rombaksveien 45, 8517 Narvik",71230,2020-12-14,Bensin,309000,Mitsubishi Outlander,"Mitsubishi Outlander Business 2,4  PHEV Hybrid 2,4 224HK Business Kamera",https://www.finn.no/car/used/ad.html?finnkode=344131886,2020
6783 Stryn,82000,2019-08-29,El + Bensin,289305,Mitsubishi Outlander,"Mitsubishi Outlander OUTLANDER 5-s PHEV 2,4  4WD Intense+",https://www.finn.no/car/used/ad.html?finnkode=344172163,2020
9019 Tromsø,68848,2016-10-05,El + Bensin,229305,Mitsubishi Outlander,Mitsubishi Outlander OUTLANDER PHEV 2.0-121 4WD,https://www.finn.no/car/used/ad.html?finnkode=339257796,2016
"Vingvegen 2, 4050 Sola",49000,2019-12-19,El + Bensin,348000,Mitsubishi Outlander,Mitsubishi Outlander 230 hk Automat AWD m/Navi/RyggeK/DAB+,https://www.finn.no/car/used/ad.html?finnkode=343900311,2020
4014 Stavanger,151000,2013-11-20,Diesel,137305,Mitsubishi Outlander,Mitsubishi Outlander OUTLANDER 2.3-150 D 4WD,https://www.finn.no/car/used/ad.html?finnkode=343386541,2013
6415 Molde,115913,2019-11-27,El + Bensin,329305,Mitsubishi Outlander,Mitsubishi Outlander OUTLANDER 2.4-135 4WD,https://www.finn.no/car/used/ad.html?finnkode=343906009,2020
"Vålgutua 206, 2436 Våler i Solør",66000,2016-11-21,El + Bensin,279900,Mitsubishi Outlander,Mitsubishi Outlander PHEV INSTYLE+ AWD AUT+H.FESTE+R.KAMERA+GARANTI+NORSK+++,https://www.finn.no/car/used/ad.html?finnkode=343924880,2016
5178 Loddefjord,71249,2014-03-05,El + Bensin,214305,Mitsubishi Outlander,"Mitsubishi Outlander Plug-in-Hybrid, Instyle+,kamera, Krok, Adaptiv Cruise++",https://www.finn.no/car/used/ad.html?finnkode=343777370,2014
5224 Nesttun,127947,2016-06-27,El + Bensin,209305,Mitsubishi Outlander,Mitsubishi Outlander OUTLANDER PHEV 2.0-121 4WD INSTYLE+,https://www.finn.no/car/used/ad.html?finnkode=343909450,2016
3044 Drammen,179500,2011-11-11,Diesel,119999,Mitsubishi Outlander,Mitsubishi Outlander OUTLANDER 2.2-156 D 4WD Automat Skinn seter Krok,https://www.finn.no/car/used/ad.html?finnkode=339735940,2012
5114 Tertnes,96469,2017-06-01,El + Bensin,229305,Mitsubishi Outlander,Mitsubishi Outlander OUTLANDER PHEV 2.0-121 4WD,https://www.finn.no/car/used/ad.html?finnkode=343922785,2016
"Stutterø Industriområde, 7500 Stjørdal",66800,2020-12-21,El + Bensin,359900,Mitsubishi Outlander,Mitsubishi Outlander 2.4 Instyle+ | Krok|1 eier| 7Års Garanti,https://www.finn.no/car/used/ad.html?finnkode=343957427,2020
1407 Vinterbro,163950,2015-05-20,El + Bensin,154305,Mitsubishi Outlander,Mitsubishi Outlander OUTLANDER 2.0-121 4WD,https://www.finn.no/car/used/ad.html?finnkode=343957993,2015
"Stabburveien 5, 1617 Fredrikstad",76950,2019-07-02,El + Bensin,278000,Mitsubishi Outlander,"Mitsubishi Outlander PHEV Instyle + Soltak, Skinn, H.feste 12 mnd garanti",https://www.finn.no/car/used/ad.html?finnkode=343970771,2018
7580 Selbu,92850,2019-03-19,El + Bensin,274305,Mitsubishi Outlander,Mitsubishi Outlander OUTLANDER PHEV 2.4-135 4WD,https://www.finn.no/car/used/ad.html?finnkode=343999357,2019
"Bedriftsvegen 76, 3735 Skien",45350,2014-07-15,Bensin,228900,Mitsubishi Outlander,Mitsubishi Outlander PHEV 4WD InStyle / Lav km! / Skinn / Navi / ACC,https://www.finn.no/car/used/ad.html?finnkode=344011574,2014
"Dyrskuevegen 4, 2040 Kløfta",118800,2017-02-03,El + Bensin,194900,Mitsubishi Outlander,"Mitsubishi Outlander 2,0 PHEV/Intense+/Delskinn/R.Kam/Cruise/Krok/4WD",https://www.finn.no/car/used/ad.html?finnkode=344010736,2016
2280 Gjesåsen,246801,2008-05-13,Diesel,51745,Mitsubishi Outlander,Mitsubishi Outlander OUTLANDER 2.0-140 D 4WD,https://www.finn.no/car/used/ad.html?finnkode=343748594,2008
"Elgvegen 2, 2340 Løten",24612,2020-05-20,El + Bensin,365000,Mitsubishi Outlander,"Mitsubishi Outlander Instyle+ 2,4 224hk INNBYTTEKAMPANJE",https://www.finn.no/car/used/ad.html?finnkode=344013454,2020
3115 Tønsberg,180175,2008-10-16,Diesel,67845,Mitsubishi Outlander,Mitsubishi Outlander MITSUBISHI OUTLANDER 2.0-140 D 4WD,https://www.finn.no/car/used/ad.html?finnkode=343659185,2008
"Industriveien 9 b, 6517 Kristiansund N",10,2023-12-22,El + Bensin,599000,Mitsubishi Outlander,Mitsubishi Eclipse Cross PHEV S-AWC Instyle+,https://www.finn.no/car/used/ad.html?finnkode=344011805,2023
"Sandheimsbakken 20, 2619 Lillehammer",211000,2010-03-17,Diesel,96845,Mitsubishi Outlander,Mitsubishi Outlander 2.0 Di-D 140 HK AWD |Delskinn |Cruise | EU-OK|H.F |,https://www.finn.no/car/used/ad.html?finnkode=344019349,2010
7160 Bjugn,99707,2019-01-14,El + Bensin,331305,Mitsubishi Outlander,Mitsubishi Outlander OUTLANDER PHEV 2.4-135 4WD,https://www.finn.no/car/used/ad.html?finnkode=344059142,2019
"Rosenkrantzgata 355, 3027 Drammen",254000,2011-12-19,Diesel,79950,Mitsubishi Outlander,Mitsubishi Outlander AUTOMAT/NAVI/R-KAMERA/H.FESTE/ISOFIX,https://www.finn.no/car/used/ad.html?finnkode=344018826,2012
"Furuhallveien 12C, 3512 Hønefoss",45000,2018-03-22,El + Bensin,299500,Mitsubishi Outlander,Mitsubishi Outlander Instyle + Toppmodell Skinninteriør En eier Lav km,https://www.finn.no/car/used/ad.html?finnkode=344043178,2018
2680 Vågå,201274,2009-12-23,Diesel,45000,Mitsubishi Outlander,Mitsubishi Outlander OUTLANDER 2.0-140 D 4WD,https://www.finn.no/car/used/ad.html?finnkode=344073884,2009
"Moafjæra 5 c, 7606 Levanger",112000,2017-02-14,Diesel,309900,Mitsubishi Outlander,"Mitsubishi Outlander 150HK Diesel,1 Eier,Automat,4X4",https://www.finn.no/car/used/ad.html?finnkode=344085744,2017
2975 Vang i Valdres,151000,2016-03-01,El + Bensin,174305,Mitsubishi Outlander,Mitsubishi Outlander OUTLANDER 2.0-121 4WD,https://www.finn.no/car/used/ad.html?finnkode=344084120,2016
"Trondheimsveien 40, 2013 Skjetten",38500,2020-08-17,El + Bensin,349900,Mitsubishi Outlander,"Mitsubishi Outlander Instyle + Skinn, 360Kam, Krok, Acc",https://www.finn.no/car/used/ad.html?finnkode=344103762,2020
"Hans Møller Gasmanns vei 7, 0598 Oslo",33400,2021-09-28,El + Bensin,365000,Mitsubishi Outlander,"Mitsubishi Outlander PHEV 230HK H.feste, Skinn, Navi, Keyless, 360 Kamera",https://www.finn.no/car/used/ad.html?finnkode=344090418,2020
,167148,2018-06-20,El + Bensin,199800,Mitsubishi Outlander,"Mitsubishi Outlander 4WD Intense+ 2,0-150 CVT aut OUTLET | SKINN | ACC",https://www.finn.no/car/used/ad.html?finnkode=344090414,2018
"Landfalløya 7, 3023 Drammen",54404,2020-05-19,El + Bensin,349000,Mitsubishi Outlander,"Mitsubishi Outlander | Krok | Garanti | Instyle + | 2,4l 224hk |",https://www.finn.no/car/used/ad.html?finnkode=344091541,2020
"bølevegen 142, 3713 Skien",181000,2011-05-10,Diesel,89000,Mitsubishi Outlander,Mitsubishi Outlander 2.3 DI-D -140HK/ 4WD/ R.KAM/ H.FESTE/ EU 2026,https://www.finn.no/car/used/ad.html?finnkode=344104445,2011
"Vestgårdveien 5, 1787 Halden",56200,2020-01-31,El + Bensin,335000,Mitsubishi Outlander,"Mitsubishi Outlander Instyle 2,4 224hk KROK/ADAPTIV/SKINN/NYBILSGARANTI/",https://www.finn.no/car/used/ad.html?finnkode=344114600,2020
"Johan Follestads vei 15, 3474 Åros",121716,2016-11-03,El + Bensin,229900,Mitsubishi Outlander,"Mitsubishi Outlander Instyle+ 2,0 202hk /OUTLET/TOPPUTGAVE!!",https://www.finn.no/car/used/ad.html?finnkode=344120294,2016
"Vestgårdveien 5, 1787 Halden",65700,2019-10-14,El + Bensin,335000,Mitsubishi Outlander,"Mitsubishi Outlander Instyle+ 2,4 224hk KROK/SKINN/ADAPTIV/CARPLAY/NY EU",https://www.finn.no/car/used/ad.html?finnkode=344114542,2020
"Sandheimsbakken 20, 2619 Lillehammer",188100,2015-06-15,El + Bensin,154305,Mitsubishi Outlander,Mitsubishi Outlander PHEV 2.0 202HK/Navi/Skinn/Krok/R.kamera/Keyless/,https://www.finn.no/car/used/ad.html?finnkode=344119410,2015
"Vestre Rosten 83, 7075 Tiller",184756,2010-03-25,Diesel,29900,Mitsubishi Outlander,Mitsubishi Outlander OUTLET/REPOBJEKT/BILLIGBIL/,https://www.finn.no/car/used/ad.html?finnkode=344125914,2010
"Torsvang 16, 3271 Larvik",31829,2020-12-16,El + Bensin,359000,Mitsubishi Outlander,Mitsubishi Outlander PHEV 2.4 4WD SKINN ACC DAB KROK 360KAM,https://www.finn.no/car/used/ad.html?finnkode=343870470,2020
"Stabburveien 2a, 1617 Fredrikstad",115000,2019-12-20,El + Bensin,299999,Mitsubishi Outlander,Mitsubishi Outlander PHEV/INSTYLE+/APPLECARPLAY/H.FESTE//BT/TLF/EV-KNAPP/+++,https://www.finn.no/car/used/ad.html?finnkode=343706361,2020
"Vognvegen 14. Ørn næringspark, 2072 Dal",48600,2019-12-05,El + Bensin,339000,Mitsubishi Outlander,"Mitsubishi Outlander Instyle+ 2,4 224hk Krok, Norsk",https://www.finn.no/car/used/ad.html?finnkode=343710855,2020
"Vognvegen 14. Ørn næringspark, 2072 Dal",7600,2021-10-20,El + Bensin,439000,Mitsubishi Outlander,"Mitsubishi Eclipse Cross PHEV Instyle+ lav km, Krok|serviceavtale",https://www.finn.no/car/used/ad.html?finnkode=343710343,2021
"Bregneveien 4, 2007 Kjeller",201000,2013-05-27,Diesel,109000,Mitsubishi Outlander,"Mitsubishi Outlander 2.2 D, 4x4, FLOTT BIL!",https://www.finn.no/car/used/ad.html?finnkode=343718517,2013
"Ingvald Ludvigsens gt. 21, 3027 Drammen",30300,2021-12-27,El + Bensin,388000,Mitsubishi Outlander,Mitsubishi Eclipse Cross PHEV Instyle Lav Km /Hengerfeste,https://www.finn.no/car/used/ad.html?finnkode=343716748,2021
"Elgvegen 2, 2340 Løten",23075,2020-05-20,El + Bensin,365000,Mitsubishi Outlander,"Mitsubishi Outlander Instyle+ 2,4 224hk Innbyttekampanje!",https://www.finn.no/car/used/ad.html?finnkode=343722644,2020
"Industriv 39, 2212 Kongsvinger",105259,2019-02-04,El + Bensin,279000,Mitsubishi Outlander,Mitsubishi Outlander 2.4 224hk PHEV Intense+,https://www.finn.no/car/used/ad.html?finnkode=343730578,2019
"Skotselvveien 2, 3302 Hokksund",221160,2015-04-17,Diesel,199000,Mitsubishi Outlander,Mitsubishi Outlander 2.2D 150HK Automat/Krok/Kamera/El.Bakluke/ACC/Dab/Defa+,https://www.finn.no/car/used/ad.html?finnkode=343738787,2015
"Nedre kalbakkvei 90, 1081 Oslo",77000,2014-05-12,El + Bensin,178000,Mitsubishi Outlander,"Mitsubishi Outlander 2,0-189HK/INTENSE+/LAV KM/DAB/SKINN/H-FESTE/OUTLET",https://www.finn.no/car/used/ad.html?finnkode=343748272,2014
"Diktervegen 8, 5538 Haugesund",42890,2020-03-09,El + Bensin,359900,Mitsubishi Outlander,Mitsubishi Outlander 2.4  PHEV Instyle+ AWD Norsk - 7år garanti ++,https://www.finn.no/car/used/ad.html?finnkode=343757643,2020
"Torsvei 14, 1465 Strømmen",125000,2014-08-13,El + Bensin,159900,Mitsubishi Outlander,Mitsubishi Outlander 2.0 284 HK HYBRID- SKINNSETER - KROK - SKIBOKS - KAMERA,https://www.finn.no/car/used/ad.html?finnkode=343760133,2014
"Lerkevegen 58, 2209 Kongsvinger",80500,2020-07-13,El + Bensin,329900,Mitsubishi Outlander,Mitsubishi Outlander INSTYLE+ SKINN/GARANTI/KROK/AUTOMAT/DAB+/NORSK/ACC,https://www.finn.no/car/used/ad.html?finnkode=343760352,2020
5518 Haugesund,297918,2008-02-26,Diesel,24900,Mitsubishi Outlander,"Mitsubishi Outlander 2,0d/140HK/7seter/Manuell/H.fest/4x4/MANGELLAPP!",https://www.finn.no/car/used/ad.html?finnkode=343761153,2008
,230300,2015-09-30,El + Bensin,110000,Mitsubishi Outlander,Mitsubishi Outlander PHEV /NY EU/SERVICE/CC/KROK/RYGGEKAMERA++,https://www.finn.no/car/used/ad.html?finnkode=343498471,2014
,59900,2019-08-29,El + Bensin,308900,Mitsubishi Outlander,"Mitsubishi Outlander PHEV 2.4 224HK 4X4 AUT INSTYLE+,SKINN,LAV KM,NY SERVICE",https://www.finn.no/car/used/ad.html?finnkode=343769394,2019
4044 Hafrsfjord,149000,2012-10-15,Bensin,125000,Mitsubishi Outlander,Mitsubishi Outlander OUTLANDER 150HK Automat Navi/Kamera/ Dab,https://www.finn.no/car/used/ad.html?finnkode=343085050,2013
5460 Husnes,84500,2018-01-12,El + Bensin,249000,Mitsubishi Outlander,Mitsubishi Outlander OUTLANDER 2.0-121 4WD - NYLIG EU OK - LAV KM,https://www.finn.no/car/used/ad.html?finnkode=343070577,2018
"Elgvegen 2, 2340 Løten",30613,2020-05-20,El + Bensin,359000,Mitsubishi Outlander,"Mitsubishi Outlander Instyle+ 2,4 224hk INNBYTTEKAMPANJE",https://www.finn.no/car/used/ad.html?finnkode=343136465,2020
"Huftarøy Auto Sandvik 147, 5392 Storebø",126000,2016-01-21,El + Bensin,164305,Mitsubishi Outlander,Mitsubishi Outlander OUTLANDER 2.0-121 4WD Plihin Hybrid,https://www.finn.no/car/used/ad.html?finnkode=343131266,2014
"Dalavegen 1, 6856 Sogndal",62500,2019-07-18,El + Bensin,329000,Mitsubishi Outlander,"Mitsubishi Outlander PHEV Intense+, Skinn, Adaptive cruise, Kamera, Garanti",https://www.finn.no/car/used/ad.html?finnkode=343129483,2020
6453 Kleive,105000,2016-06-03,El + Bensin,219305,Mitsubishi Outlander,Mitsubishi Outlander Intense+ 2.0-150 CVT 4WD,https://www.finn.no/car/used/ad.html?finnkode=343147011,2016
"Kvernvolljordet 1, 3534 Sokna",158000,2016-03-16,Diesel,259000,Mitsubishi Outlander,"Mitsubishi Outlander 2,3 Diesel 4X4 Aut/Skinn/Navi/Ryggk/Defa/Led bar/Krok",https://www.finn.no/car/used/ad.html?finnkode=343159404,2016
"Kvålveien 2, 4323 Sandnes",77000,2017-11-27,El + Bensin,299000,Mitsubishi Outlander,"Mitsubishi Outlander S Edition 2,0 202hk hengerfeste, takboks",https://www.finn.no/car/used/ad.html?finnkode=343153935,2018
"Øvre Eikervei 75, 3048 Drammen",108000,2015-11-27,El + Bensin,209000,Mitsubishi Outlander,"Mitsubishi Outlander Instyle+202HK Hybrid,360g Kam,ACC,Skinn,Keyless,HFeste",https://www.finn.no/car/used/ad.html?finnkode=343167627,2016
"Kirkeveien 37, 3121 Nøtterøy",63725,2019-12-30,El + Bensin,359900,Mitsubishi Outlander,Mitsubishi Outlander INSTYLE+/S*AWC/CARPLAY/SKINN/360*/ACC/KLIMA*TIMER/KROK,https://www.finn.no/car/used/ad.html?finnkode=343164037,2020
"Øvre Eikervei 75, 3048 Drammen",179000,2014-06-24,El + Bensin,139000,Mitsubishi Outlander,"Mitsubishi Outlander Instyle Hybrid,Navi/Kamera,Takluke,Skinn,Keyless,HFeste",https://www.finn.no/car/used/ad.html?finnkode=343167046,2014
"Husbyfaret 16, 7505 Stjørdal",76400,2019-08-19,El + Bensin,319900,Mitsubishi Outlander,"Mitsubishi Outlander 2,4 PHEV INSTYLE+ AWD*ACC*SKINN*360 KAM*NAVI*RATTVARME+",https://www.finn.no/car/used/ad.html?finnkode=343179662,2020
4311 Hommersåk,181000,2013-09-04,Diesel,139305,Mitsubishi Outlander,Mitsubishi Outlander OUTLANDER 2.3-150 D 4WD,https://www.finn.no/car/used/ad.html?finnkode=342453368,2013
"Heradvegen 9, 3550 Gol",106298,2017-11-23,El + Bensin,239000,Mitsubishi Outlander,"Mitsubishi Outlander PHEV,Automat,4x4, Skinn, Rattvarme, AdaptivCruise",https://www.finn.no/car/used/ad.html?finnkode=342408082,2017
"Olav Ingstads vei 7 B, 1351 Rud",193000,2017-02-28,El + Bensin,179000,Mitsubishi Outlander,Mitsubishi Outlander PHEV 204HK INSTYLE+ SOLTAK 360KAM SKINN KEYL LED KROK++,https://www.finn.no/car/used/ad.html?finnkode=342441441,2017
"Bjørnstjerne Bjørnsons gate 78, 3044 Drammen",178034,2015-10-07,El + Bensin,194900,Mitsubishi Outlander,"Mitsubishi Outlander Instyle+ 2,0 202hk Navi,Hengerfeste,Skinn,DAB+,Rockford",https://www.finn.no/car/used/ad.html?finnkode=342421612,2016
"Vingvegen 2, 4050 Sola",53000,2020-03-25,El + Bensin,378000,Mitsubishi Outlander,"Mitsubishi Outlander S Edition 2,4 224hk",https://www.finn.no/car/used/ad.html?finnkode=342493527,2020
"Lundegeilen 16a, 4323 Sandnes",153279,2010-11-05,Bensin,89999,Mitsubishi Outlander,Mitsubishi Outlander OUTLANDER 2.0/NY EU/AUTOMAT/SERVICE/NAVI/RYGGEKAMERA,https://www.finn.no/car/used/ad.html?finnkode=342629193,2011
"Bedriftsvegen 104, 3735 Skien",199999,2010-12-14,Diesel,79990,Mitsubishi Outlander,Mitsubishi ASX Turbo ECO ClearTec 4WD/2WD Adaptive! Topp utstyrt!,https://www.finn.no/car/used/ad.html?finnkode=342602615,2011
"DEPOTGATA 8, 2000 Lillestrøm",154000,2013-04-29,Diesel,164305,Mitsubishi Outlander,Mitsubishi Outlander NY SERVICE/ NY EU-GODKJENT/ DAB+ / NAVI/ NORSK BIL++,https://www.finn.no/car/used/ad.html?finnkode=340249237,2013
"Venusvegen 10B, 7652 Verdal",116500,2019-12-18,El + Bensin,349900,Mitsubishi Outlander,Mitsubishi Outlander 2.4  INSTYLE + / AUT / SKINN / SUB / SKIBOKS,https://www.finn.no/car/used/ad.html?finnkode=342728449,2020
"Østre Aker vei 62, 0581 Oslo",80273,2020-12-14,El + Bensin,304000,Mitsubishi Outlander,"Mitsubishi Outlander Instyle 2,4 224hk Hengerfeste , Forvarmer ,",https://www.finn.no/car/used/ad.html?finnkode=342747292,2020
"Brusdalsveien 206, 6011 Ålesund",40400,2019-01-07,El + Bensin,339000,Mitsubishi Outlander,"Mitsubishi Outlander S Edition 2,4 230hk -KROK-NORSK BIL-TECTYL-FIN KM-",https://www.finn.no/car/used/ad.html?finnkode=342752781,2019
"Hovebakken 9, 4306 Sandnes",150803,2016-03-03,El + Bensin,195000,Mitsubishi Outlander,"Mitsubishi Outlander INSTYLE + SKINN,KROK,360KAMERA,NAVI,TLF,DAB+,ACC,LED",https://www.finn.no/car/used/ad.html?finnkode=342751206,2016
"Leangen Alle 6, 7044 Trondheim",129705,2017-05-29,El + Bensin,249000,Mitsubishi Outlander,Mitsubishi Outlander 2.0  PHEV S Edition KROK-KAMERA-NAVI-NORSK-SOLTAK++,https://www.finn.no/car/used/ad.html?finnkode=342731660,2017
1653 Sellebakk,243199,2010-01-27,Diesel,66845,Mitsubishi Outlander,Mitsubishi Outlander OUTLANDER 2.2-156 D 4WD,https://www.finn.no/car/used/ad.html?finnkode=342732045,2010
"Samagata 33, 9403 Harstad",113000,2018-11-14,El + Bensin,279900,Mitsubishi Outlander,"Mitsubishi Outlander Instyle+ 2,4 224hk Instyle+,4X4,Krok,Sport,Ryggekamera",https://www.finn.no/car/used/ad.html?finnkode=342738888,2019
"Leangen Alle 6, 7044 Trondheim",41188,2021-03-23,El + Bensin,359000,Mitsubishi Outlander,Mitsubishi Outlander 2.4  PHEV Instyle NAVI-7ÅRSGARANTI-KAMERA-1EIER-NORSK++,https://www.finn.no/car/used/ad.html?finnkode=342735087,2020
"Moafjæra 1c, 7600 Levanger",161800,2016-03-04,El + Bensin,209000,Mitsubishi Outlander,Mitsubishi Outlander PHEV Instyle+,https://www.finn.no/car/used/ad.html?finnkode=342741247,2016
"Magnus Lagabøters veg 4, 7047 Trondheim",161000,2010-06-16,Diesel,129900,Mitsubishi Outlander,"Mitsubishi Outlander 2,2D 156HK 4X4 AUTOMAT*SORT SKINN*DAB*HENGERFESTE++++",https://www.finn.no/car/used/ad.html?finnkode=342741141,2010
"Bryggeriveien 3, 4857 Arendal",96000,2018-09-19,El + Bensin,309000,Mitsubishi Outlander,"Mitsubishi Outlander 2.4 Instyle +Skinn, ACC, Aut,Camera,Park varme,H Feste",https://www.finn.no/car/used/ad.html?finnkode=342745217,2019
"Østre Aker vei 62, 0581 Oslo",57200,2017-10-10,El + Bensin,279000,Mitsubishi Outlander,"Mitsubishi Outlander Instyle+ 2,0 202hk Hengerfeste , Forvarmer",https://www.finn.no/car/used/ad.html?finnkode=342761169,2018
"Ranheimsveien 7a, 7044 Trondheim",145000,2014-12-03,Diesel,199900,Mitsubishi Outlander,"Mitsubishi Outlander 2,2D 4X4 InStyle+*KROK*SKINN*ROCKFORD*kr.1.795,-pr mnd!",https://www.finn.no/car/used/ad.html?finnkode=341959371,2014
7099 Flatåsen,249800,2009-12-21,Diesel,78845,Mitsubishi Outlander,Mitsubishi Outlander OUTLANDER 2.2-156 D 4WD Automat Krok Motorvarmer,https://www.finn.no/car/used/ad.html?finnkode=341730473,2010
"Org.nr 987 739 231, 7900 Rørvik",94963,2017-11-29,El + Bensin,239000,Mitsubishi Outlander,Mitsubishi Outlander 2.0  Instyle+  Aut 4x4 R.KAM/SKINN/KROK/EL LUKE/NAVI++,https://www.finn.no/car/used/ad.html?finnkode=342016533,2017
"Svartøya 6, 7290 Støren",25652,2021-12-27,El + Bensin,360000,Mitsubishi Outlander,Mitsubishi Eclipse Cross 2.4  PHEV Invite/4WD/CRUISE++,https://www.finn.no/car/used/ad.html?finnkode=342042065,2021
"Flådene 3, 4332 Figgjo",175500,2014-04-18,El + Bensin,159000,Mitsubishi Outlander,Mitsubishi Outlander PHEV/2.0/189HK/4WD/Takluke/Skinn/Navi/PDC/Cruise/EU-26+,https://www.finn.no/car/used/ad.html?finnkode=342049643,2014
"Løkkenveien 632, 7332 Løkken Verk",98360,2019-03-11,El + Bensin,279900,Mitsubishi Outlander,Mitsubishi Outlander 2.4 PHEV Instyle+ |NORSK|Skinn|Krok|360kam|Dab,https://www.finn.no/car/used/ad.html?finnkode=342067263,2019
"Langflåtveien 35, 4017 Stavanger",67500,2018-12-19,El + Bensin,309900,Mitsubishi Outlander,Mitsubishi Outlander Instyle+/PHEV/4x4/Helskinn/360Kam/El.Seter/Euok,https://www.finn.no/car/used/ad.html?finnkode=342034288,2019
"Frognesveien 7A, 3300 Hokksund",93500,2019-01-02,El + Bensin,319800,Mitsubishi Outlander,Mitsubishi Outlander S-EDITION 4X4 AUT SOLTAK 360 KAMERA - VI TAR INNBYTTE,https://www.finn.no/car/used/ad.html?finnkode=342066815,2019
"Stabburveien 5, 1617 Fredrikstad",45936,2020-12-11,El + Bensin,344000,Mitsubishi Outlander,"Mitsubishi Outlander PHEV Instyle + 224 HK, Skinnseter, H.feste ++",https://www.finn.no/car/used/ad.html?finnkode=342076554,2020
"Sandvikveien 9, 4016 Stavanger",25000,2019-03-28,El + Bensin,329000,Mitsubishi Outlander,"Mitsubishi Outlander Hybrid,Soltak,HiFi,Delskinn,Ny Service,LAV KM,Innbytte",https://www.finn.no/car/used/ad.html?finnkode=342087467,2019
9990 Båtsfjord,43000,2020-02-03,El + Bensin,304305,Mitsubishi Outlander,Mitsubishi Outlander OUTLANDER PHEV 2.4-135 4WD,https://www.finn.no/car/used/ad.html?finnkode=342086505,2019
"Moafjæra 5 c, 7606 Levanger",144000,2015-08-07,El + Bensin,179900,Mitsubishi Outlander,"Mitsubishi Outlander PHEV,Instyle+,Skinn,Hengerfeste",https://www.finn.no/car/used/ad.html?finnkode=342117648,2015
"Skansen 4, 2670 Otta",55000,2019-03-07,El + Bensin,345000,Mitsubishi Outlander,"Mitsubishi Outlander S Edition 2,4 224hk Lav Kilometer!",https://www.finn.no/car/used/ad.html?finnkode=342148033,2019
"Østre Aker vei 62, 0581 Oslo",48352,2021-12-30,El + Bensin,334000,Mitsubishi Outlander,Mitsubishi Eclipse Cross PHEV Invite HYBRID/4X4/CARPLAY/CRUISE/AUTO FJERNLYS,https://www.finn.no/car/used/ad.html?finnkode=342148782,2021
"Engomsvingen 2, 2323 Ingeberg",96500,2017-03-24,El + Bensin,255000,Mitsubishi Outlander,Mitsubishi Outlander 12m Garanti/ Include instyle/ Skinn/ krok/  4X4,https://www.finn.no/car/used/ad.html?finnkode=341134907,2017
4658 Tveit,201168,2006-11-13,Bensin,44777,Mitsubishi Outlander,Mitsubishi Outlander OUTLANDER 2.0-136 4WD,https://www.finn.no/car/used/ad.html?finnkode=331652711,2006
5238 Rådal,108000,2017-06-23,El + Bensin,249305,Mitsubishi Outlander,Mitsubishi Outlander OUTLANDER 2.0-121 4WD,https://www.finn.no/car/used/ad.html?finnkode=340037089,2017
"Sjøfartsgata 15, 7714 Steinkjer",151391,2018-02-21,El + Bensin,219900,Mitsubishi Outlander,Mitsubishi Outlander 2.0  PHEV/4X4/202HK/INSTYLE/ACC/SKINN/360KAM/KEYLESS,https://www.finn.no/car/used/ad.html?finnkode=341207330,2018
"Bedriftsveien 10, 0950 Oslo",85000,2016-10-19,El + Bensin,258000,Mitsubishi Outlander,"Mitsubishi Outlander PHEV 2,0HK CVT 4WD PIH | SKINN | INSYL+| KROK | 360 KAM",https://www.finn.no/car/used/ad.html?finnkode=341150559,2017
"Bekkajordet 1, 3189 Horten",44000,2020-06-29,El + Bensin,365000,Mitsubishi Outlander,"Mitsubishi Outlander Instyle+Med Alt,Norsk/7År,Skinn,ACC,Blis,Krok,En Eier++",https://www.finn.no/car/used/ad.html?finnkode=341214310,2020
"Østre Aker vei 62, 0581 Oslo",24200,2021-03-05,El + Bensin,409000,Mitsubishi Outlander,"Mitsubishi Eclipse Cross PHEV Instyle+ Forvarmer , Hengerfeste",https://www.finn.no/car/used/ad.html?finnkode=341209701,2021
"Industriveien 9b, 6517 Kristiansund N",72000,2019-05-16,El + Bensin,329000,Mitsubishi Outlander,Mitsubishi Outlander Instyle+ PHEV 2.4-135 4WD,https://www.finn.no/car/used/ad.html?finnkode=341208768,2019
"Ingvald Ludvigsens gt. 21, 3027 Drammen",133500,2020-03-30,El + Bensin,284000,Mitsubishi Outlander,"Mitsubishi Outlander S Edition 2,4 224hk Norsk/Krok/Velholdt",https://www.finn.no/car/used/ad.html?finnkode=341235294,2020
"Hasselbakken 2, 3300 Hokksund",141500,2019-12-09,El + Bensin,259000,Mitsubishi Outlander,"Mitsubishi Outlander 2.4.230Hk PHEV .Instyl+, Skinn, 360 Kam/blis,",https://www.finn.no/car/used/ad.html?finnkode=341220728,2020
"Johan Gundersensvei 2, 1711 Sarpsborg",60600,2019-01-24,El + Bensin,328500,Mitsubishi Outlander,Mitsubishi Outlander PHEV Instyle+ | Norsk | Krok,https://www.finn.no/car/used/ad.html?finnkode=341243185,2019
"Industrivegen 72, 2072 Dal",187586,2013-05-28,Diesel,149800,Mitsubishi Outlander,Mitsubishi Outlander 2.2 150HK AWD INSTYLE+ 7-SETER SP .SKINN NAVI R.KAMERA,https://www.finn.no/car/used/ad.html?finnkode=341261059,2013
"Telemarksvegen 61, 3734 Skien",43200,2021-05-31,El + Bensin,412500,Mitsubishi Outlander,Mitsubishi Eclipse Cross PHEV Instyle+ Toppmodell,https://www.finn.no/car/used/ad.html?finnkode=341325079,2021
"Klyvevegen 7, 3740 Skien",138000,2015-05-11,El + Bensin,170000,Mitsubishi Outlander,Mitsubishi Outlander OUTLANDER 2.0-PHEV4WD/Soltak / Adaptiv CC / Ryggekamera,https://www.finn.no/car/used/ad.html?finnkode=341338955,2015
2055 Nordkisa,164500,2015-11-27,Diesel,169305,Mitsubishi Outlander,Mitsubishi Outlander Intense+ 2.2-150 DI-D 4WD,https://www.finn.no/car/used/ad.html?finnkode=289516478,2016
"Haakon VIIs gate 13, 7041 Trondheim",188300,2016-04-28,Diesel,249900,Mitsubishi Outlander,"Mitsubishi Outlander 2,3D-150HK-4X4-AUTOMAT-7 SETER TOPPMODELL-KROK-ACC-CAM+",https://www.finn.no/car/used/ad.html?finnkode=340028685,2016
"Storebotn 13D, 5309 Kleppestø",213000,2013-10-23,Diesel,99995,Mitsubishi Outlander,Mitsubishi Outlander OUTLANDER 2.3-150 D 4WD Navi! Kamera! Krok! Antirust!,https://www.finn.no/car/used/ad.html?finnkode=340002906,2013
"Klubbholmen 1, 9498 Harstad",68605,2020-01-13,El + Bensin,319900,Mitsubishi Outlander,"Mitsubishi Outlander Instyle 2,4 224hk Bluetooth, Navi, 360 parkeringskamera",https://www.finn.no/car/used/ad.html?finnkode=340084383,2020
,164900,2015-09-29,Diesel,139900,Mitsubishi Outlander,Mitsubishi Outlander 150hk 4WD 2-seter/ ACC/Webasto/ Norsk/ Krok/ R.Kam/ S+V,https://www.finn.no/car/used/ad.html?finnkode=340074402,2015
"Damsletta 1, 2827 Hunndalen",85840,2019-06-26,El + Bensin,299000,Mitsubishi Outlander,"Mitsubishi Outlander Instyle+ 2,4 224hk Hengerfeste/360 kamera/Ny service",https://www.finn.no/car/used/ad.html?finnkode=340115301,2019
"Blåbærveien 8, 8624 Mo i Rana",58254,2019-12-03,El + Bensin,345000,Mitsubishi Outlander,"Mitsubishi Outlander Intense+ 2,4 224hk NORSK / NYBILGARANTI / HENGERFESTE",https://www.finn.no/car/used/ad.html?finnkode=340190266,2020
2408 Elverum,98000,2017-09-07,El + Bensin,224305,Mitsubishi Outlander,Mitsubishi Outlander OUTLANDER 2.0-121 4WD,https://www.finn.no/car/used/ad.html?finnkode=340187515,2017
6817 Naustdal,205600,2015-01-22,Diesel,154305,Mitsubishi Outlander,Mitsubishi Outlander OUTLANDER 2.3-150 D 4WD,https://www.finn.no/car/used/ad.html?finnkode=340237448,2015
"Gamleveien 68, 4315 Sandnes",73000,2017-06-30,El + Bensin,258000,Mitsubishi Outlander,Mitsubishi Outlander 202HK/SOLTAK/SKINN/ACC/CARPLAY/360KAMERA/KROK/LANE,https://www.finn.no/car/used/ad.html?finnkode=340309002,2017
"Træleborgveien 5, 3112 Tønsberg",64801,2018-11-14,El + Bensin,318000,Mitsubishi Outlander,Mitsubishi Outlander Outlander Instyl+krok 360kamra norsk7 år gar.acc Blis,https://www.finn.no/car/used/ad.html?finnkode=340246139,2019
"Økernveien 115, 0579 Oslo",126400,2016-05-25,Diesel,189000,Mitsubishi Outlander,"Mitsubishi Outlander 2,2 Di-D 4x4 aut Instyle+ Varebil",https://www.finn.no/car/used/ad.html?finnkode=340322088,2016
"Kvålveien 2, 4323 Sandnes",92000,2017-10-18,El + Bensin,289000,Mitsubishi Outlander,"Mitsubishi Outlander S Edition 2,0 202hk hengerfeste, norsk bil",https://www.finn.no/car/used/ad.html?finnkode=340344994,2018
"Vestgårdveien 5, 1787 Halden",47100,2020-12-29,El + Bensin,345000,Mitsubishi Outlander,"Mitsubishi Outlander Instyle+ 2,4 224hk KROK/CARPLAY/ADAPTIV/SKINN/GARANTI",https://www.finn.no/car/used/ad.html?finnkode=340361393,2020
"Vestgårdveien 5, 1787 Halden",75600,2019-11-27,El + Bensin,335000,Mitsubishi Outlander,"Mitsubishi Outlander Instyle+ 2,4 224hk KROK/SKINN/CARPLAY/ADAPTIV/BLUETOOTH",https://www.finn.no/car/used/ad.html?finnkode=340361515,2020
"Sandmoflata 2, 7093 Tiller",92457,2019-02-26,El + Bensin,339000,Mitsubishi Outlander,Mitsubishi Outlander 2.4 209HK.Hybrid 4x4 S-Edition Skinn 360Kamera KROK,https://www.finn.no/car/used/ad.html?finnkode=334963161,2019
"Bomvegen 8, 7725 Steinkjer",129400,2016-01-04,El + Bensin,219000,Mitsubishi Outlander,Mitsubishi Outlander 2.0 4WD Instyle+ Krok/Navi/Skinn/Ad Cruise/Rockford,https://www.finn.no/car/used/ad.html?finnkode=335321596,2016
"Ingvald Ludvigsens gt. 21, 3027 Drammen",2500,2023-09-12,El + Bensin,599900,Mitsubishi Outlander,Mitsubishi Eclipse Cross PHEV S-AWC Instyle+ Topputstyrt/Soltak/Varmer,https://www.finn.no/car/used/ad.html?finnkode=335705258,2023
"Teglverksveien 99, 3057 Solbergelva",236000,2014-10-06,El + Bensin,115000,Mitsubishi Outlander,Mitsubishi Outlander 2015 PHEV SUV - AUTOMAT,https://www.finn.no/car/used/ad.html?finnkode=336108428,2014
"Ankenesveien 100, 8520 Ankenes",132700,2016-02-08,Bensin,209000,Mitsubishi Outlander,Mitsubishi Outlander 2.0 Plug-in Hybrid 4WD / Skinn / Kamera / ACC / Krok++,https://www.finn.no/car/used/ad.html?finnkode=335895131,2016
"Mediåvegen 79, 7870 Grong",126000,2018-03-07,El + Bensin,259900,Mitsubishi Outlander,"Mitsubishi Outlander S Edition 2,0 202hk | SOLTAK | 360 KAMERA | ROCKFORD",https://www.finn.no/car/used/ad.html?finnkode=336300689,2018
"Blekeriveien 1, 1658 Torp",102000,2013-09-03,Diesel,219900,Mitsubishi Outlander,Mitsubishi Outlander 2.2DI-D|AUTOMAT|7SETER|NY EU+SER|R.KAM|KROK|DAB|LAV KM,https://www.finn.no/car/used/ad.html?finnkode=336277742,2013
1814 Askim,322500,2007-07-02,Diesel,47777,Mitsubishi Outlander,Mitsubishi Outlander OUTLANDER 2.0-140 D 4WD,https://www.finn.no/car/used/ad.html?finnkode=314329964,2007
"Rigetjønnveien 12B, 4626 Kristiansand S",199000,2015-04-27,El + Bensin,129805,Mitsubishi Outlander,Mitsubishi Outlander 2.0 PHEV 4WD Instyle+ Kamera Krok Skinn Navi P.varmer,https://www.finn.no/car/used/ad.html?finnkode=336727798,2015
"Moreneveien 1, 1859 Slitu",23100,2020-11-23,El + Bensin,369000,Mitsubishi Outlander,Mitsubishi Outlander 2.4 PHEV AWD 224HK AUT SKINN SOLTAK NAVI KEYLESS KAMERA,https://www.finn.no/car/used/ad.html?finnkode=336425629,2020
"Stutterø Industriområde, 7500 Stjørdal",62500,2021-02-08,El + Bensin,339900,Mitsubishi Outlander,Mitsubishi Outlander 2.4 Instyle|7 års GARANTI |Krok|INNBYTTEKAMPANJE,https://www.finn.no/car/used/ad.html?finnkode=336772467,2020
"Fabrikkveien 8, 4033 Stavanger",83000,2018-12-06,El + Bensin,289900,Mitsubishi Outlander,Mitsubishi Outlander 2.4 PHEV INST+ Plug-in 4x4 / 360 kamera / Skinn / DAB,https://www.finn.no/car/used/ad.html?finnkode=336760585,2019
"Århusmoen 1, 3840 Seljord",79915,2017-12-29,El + Bensin,255000,Mitsubishi Outlander,"Mitsubishi Outlander 2.0  Instyle+, Hengerfeste",https://www.finn.no/car/used/ad.html?finnkode=337188085,2018
,96000,2017-11-29,El + Bensin,245000,Mitsubishi Outlander,Mitsubishi Outlander PHEV 4WD S-edition / Norsk / Eu25 / Soltak/ 360kam/ ACC,https://www.finn.no/car/used/ad.html?finnkode=337060729,2018
"Industrivegen 2, 7502 Stjørdal",81000,2019-02-07,El + Bensin,329999,Mitsubishi Outlander,"Mitsubishi Outlander Facelift,S-Edition,4x4,Luke,Clima,Met,Skinn,Kamera,ACC",https://www.finn.no/car/used/ad.html?finnkode=311246567,2019
"Vingvegen 2, 4050 Sola",43000,2020-10-09,El + Bensin,388000,Mitsubishi Outlander,Mitsubishi Outlander 230 hk Automat AWD m/Navi/RyggeK/DAB+,https://www.finn.no/car/used/ad.html?finnkode=336477441,2020
"Buskerudveien 117, 3027 Drammen",181500,2013-04-11,Bensin,119875,Mitsubishi Outlander,Mitsubishi Outlander 2.0 150HK Automat / 5-Sete/ Cruise / Navi ++,https://www.finn.no/car/used/ad.html?finnkode=306925335,2013
"Moan 5c, 7606 Levanger",92000,2018-12-18,El + Bensin,309900,Mitsubishi Outlander,"Mitsubishi Outlander S-Edition,PHEV AUTOMAT AWD INSTYLE+",https://www.finn.no/car/used/ad.html?finnkode=309021528,2019
"Nedre Eiker vei 14B, 3045 Drammen",53000,2018-05-28,El + Bensin,299000,Mitsubishi Outlander,Mitsubishi Outlander HYBRID 2.0 4WD | Instyle | Skinn | Rockford | R.Kam,https://www.finn.no/car/used/ad.html?finnkode=314362219,2018
"Leangen Alle 6, 7044 Trondheim",76000,2019-03-20,El + Bensin,329000,Mitsubishi Outlander,Mitsubishi Outlander 2.4  PHEV S Edition 7ÅRSGARANTI-NAVI-NORSK-KAMERA++,https://www.finn.no/car/used/ad.html?finnkode=317294985,2019
"Ingeniør Rybergs Gate 93, 3024 Drammen",81000,2018-03-23,El + Bensin,289305,Mitsubishi Outlander,Mitsubishi Outlander 2.0 Hybrid 224HK 4WD/ Auto/Cruise/R.Kamera/Ratt-varme++,https://www.finn.no/car/used/ad.html?finnkode=315899893,2018
"Nye teglverks veien, 4630 Kristiansand S",280000,2007-07-06,Diesel,27777,Mitsubishi Outlander,Mitsubishi Outlander OUTLANDER 2.0-140 D 4WD,https://www.finn.no/car/used/ad.html?finnkode=318660931,2007
"Hasselbakken 2, 3300 Hokksund",140000,2018-06-18,El + Bensin,259000,Mitsubishi Outlander,Mitsubishi Outlander Instyle+ Skinn Rattvarme 360kamera krok DAB+,https://www.finn.no/car/used/ad.html?finnkode=319358141,2018
"Leangen Alle 6, 7044 Trondheim",76000,2019-12-06,El + Bensin,339000,Mitsubishi Outlander,Mitsubishi Outlander 2.4  PHEV Instyle+ NORSK-7ÅRSGARANTI-NAVI-KAMERA++,https://www.finn.no/car/used/ad.html?finnkode=317298490,2020
"Haakon VIIs gate 13, 7041 Trondheim",177900,2013-03-19,Diesel,189900,Mitsubishi Outlander,"Mitsubishi Outlander 2,2D 150HK-4X4-AUTO-ADAPTIV C-SKINN-KROK-NAVI-KAMERA+++",https://www.finn.no/car/used/ad.html?finnkode=318085651,2013
"Strandgata 25, 4307 Sandnes",49000,2019-03-28,El + Bensin,309000,Mitsubishi Outlander,Mitsubishi Outlander 2.4 224hk PHEV Intense+ Carplay Soltak Alcantara Kamera,https://www.finn.no/car/used/ad.html?finnkode=319415469,2019
"Setesdalsveien 90, 4617 Kristiansand S",73315,2019-10-31,El + Bensin,299000,Mitsubishi Outlander,"Mitsubishi Outlander Invite 2,4 224hk",https://www.finn.no/car/used/ad.html?finnkode=320301218,2020
"Barstølveien 22E, 4636 Kristiansand S",58500,2021-01-29,El + Bensin,339000,Mitsubishi Outlander,"Mitsubishi Outlander 2.4H135hk+ El Motor, Nybilgaranti Eu-godkjent (8.2025)",https://www.finn.no/car/used/ad.html?finnkode=320570708,2021
"KONTAKT OSS FOR RIKTIG ADRESSE PÅ AKTUELL BIL, 0570 Oslo",208000,2011-10-04,Diesel,96476,Mitsubishi Outlander,"Mitsubishi Outlander 2,3D 140hk 4x4 Xenon NAVI Cruise Krok Ryggekamera",https://www.finn.no/car/used/ad.html?finnkode=241298121,2011
"VEVELSTADVEIEN 109, 1404 Siggerud",169000,2017-01-17,Diesel,145000,Mitsubishi Outlander,"Mitsubishi Outlander 2,3D*150HK*4X4*INSTYLE+*7SETER*NY EU OK+NY SERVICE+++",https://www.finn.no/car/used/ad.html?finnkode=274922566,2013
"Furuhallveien 12, 3512 Hønefoss",180000,2015-09-11,El + Bensin,149500,Mitsubishi Outlander,Mitsubishi Outlander Ladbar Hybrid Seven Summit Edition!,https://www.finn.no/car/used/ad.html?finnkode=320705235,2015
"Lommedalsveien 281, 1350 Lommedalen",184000,2015-01-29,El + Bensin,159947,Mitsubishi Outlander,Mitsubishi Outlander OUTLANDER 2.0- 4WD HYBRID PEN,https://www.finn.no/car/used/ad.html?finnkode=321246744,2015
"Leangen Alle 6, 7044 Trondheim",81075,2020-09-29,El + Bensin,329000,Mitsubishi Outlander,Mitsubishi Outlander 2.4  PHEV Instyle+ NORSK-7ÅRSGARANTI-NAVI-KROK++,https://www.finn.no/car/used/ad.html?finnkode=322362704,2020
"Økernveien 147, 0580 Oslo",86000,2016-08-09,El + Bensin,239000,Mitsubishi Outlander,Mitsubishi Outlander PHEV 4WD INSTYLE+ 360CAM SKINN ACC NAVI KROK 204HK+++,https://www.finn.no/car/used/ad.html?finnkode=324694897,2016
"Haakon VIIs gate 13, 7041 Trondheim",143500,2016-11-11,Diesel,269900,Mitsubishi Outlander,"Mitsubishi Outlander 2,2D-150HK-4X4-AUTO-SKINN-ACC-KROK-NAVI-KAMERA-LINJE+++",https://www.finn.no/car/used/ad.html?finnkode=323485595,2017
"Depot gata 10, 2000 Lillestrøm",137500,2010-12-14,Bensin,99999,Mitsubishi Outlander,Mitsubishi Outlander OUTLANDER 2.0-147,https://www.finn.no/car/used/ad.html?finnkode=324912841,2011
"Leangen Alle 6, 7044 Trondheim",43969,2021-02-23,El + Bensin,359000,Mitsubishi Outlander,Mitsubishi Outlander 2.4  PHEV Instyle NAVI-7ÅRSGARANTI-KAMERA-1EIER-NORSK++,https://www.finn.no/car/used/ad.html?finnkode=325919536,2020
"Bomvegen 8, 7725 Steinkjer",103000,2018-09-25,El + Bensin,299000,Mitsubishi Outlander,Mitsubishi Outlander 2.4 4WD S Edition Norsk-7års/Toppmodell/Krok/Forvarming,https://www.finn.no/car/used/ad.html?finnkode=325927519,2019
"Nye tegleverksvn, 4630 Kristiansand S",275000,2009-08-07,Diesel,18277,Mitsubishi Outlander,Mitsubishi Outlander OUTLANDER 2.0-140 D 4WD,https://www.finn.no/car/used/ad.html?finnkode=326674621,2009
"Barstølveien 30, 4636 Kristiansand S",47269,2020-12-14,El + Bensin,359000,Mitsubishi Outlander,"Mitsubishi Outlander Instyle 2,4 224hk",https://www.finn.no/car/used/ad.html?finnkode=327953237,2020
"Industriveien 9b, 6517 Kristiansund N",73000,2018-03-22,El + Bensin,289000,Mitsubishi Outlander,Mitsubishi Outlander Instyle 2.0-121 4WD,https://www.finn.no/car/used/ad.html?finnkode=328071274,2018
"Andøyveien 23, 4623 Kristiansand S",135000,2015-11-26,Diesel,245000,Mitsubishi Outlander,"Mitsubishi Outlander 2,3-150HK / ACC / Krok / EU 06/25 / 12mnd Garanti +++",https://www.finn.no/car/used/ad.html?finnkode=328490967,2016
"Linjer, 9310 Sørreisa",102000,2018-12-13,El + Bensin,319000,Mitsubishi Outlander,"Mitsubishi Outlander 2.4  HYB INT,+ AUT plug in",https://www.finn.no/car/used/ad.html?finnkode=327963267,2018
"Tømmervegen 2, 6445 Malmefjorden",63116,2018-12-24,El + Bensin,309900,Mitsubishi Outlander,Mitsubishi Outlander PHEV HENGERFESTE/4WD/NAVI/SOLTAK/ROCKFORD/DAB,https://www.finn.no/car/used/ad.html?finnkode=328767778,2019
"Industrivegen 72, 2072 Dal",151700,2012-10-31,Diesel,129800,Mitsubishi Outlander,"Mitsubishi Outlander 150HK/2,2 Di-D/SP.INT/KAMERA/H.FES/NAV/DAB/TLF/ROCKFORD",https://www.finn.no/car/used/ad.html?finnkode=329983841,2013
"Melhusvegen 493, 7223 Melhus",65300,2020-09-28,El + Bensin,334900,Mitsubishi Outlander,"Mitsubishi Outlander 2.4  Instyle+ 2,4 224hk Norsk bil. 7år nybilgaranti.",https://www.finn.no/car/used/ad.html?finnkode=329832802,2020
"Bekkajordet 1, 3189 Horten",63000,2020-03-11,El + Bensin,339900,Mitsubishi Outlander,"Mitsubishi Outlander Instyle+ Med Alt,Norsk/7År,Skinn,ACC,Blis,Hengerfeste++",https://www.finn.no/car/used/ad.html?finnkode=330348944,2020
"Jogstadveien 19, 2007 Kjeller",75576,2020-11-27,El + Bensin,339000,Mitsubishi Outlander,"Mitsubishi Outlander Instyle+ 2,4 224hk Norsk,Krok,Takboks, 18"" S+V hjul",https://www.finn.no/car/used/ad.html?finnkode=330768713,2020
"Industriveien 29, 1725 Sarpsborg",31000,2018-06-29,El + Bensin,299000,Mitsubishi Outlander,Mitsubishi Outlander PHEV| Instyle+| 2018Mod| Bluetooth| Dab+| 4WD| Skinn|,https://www.finn.no/car/used/ad.html?finnkode=330934436,2018
"Haakon VIIs gate 13, 7041 Trondheim",88730,2017-05-23,El + Bensin,245000,Mitsubishi Outlander,Mitsubishi Outlander HYBRID-INSTYLE+ SKINN-SOLTAK-ACC-KROK-360CAM-LINJE-BLIS,https://www.finn.no/car/used/ad.html?finnkode=330859873,2017
"KONGSHAVN, 4812 Kongshavn",134000,2018-12-17,El + Bensin,249000,Mitsubishi Outlander,Mitsubishi Outlander 2.4 224 hk / instyle+ / facelift / hengerfeste /Garanti,https://www.finn.no/car/used/ad.html?finnkode=331064887,2019
"Lilletuneveien 4A, 1711 Sarpsborg",132000,2016-05-31,Diesel,219900,Mitsubishi Outlander,Mitsubishi Outlander 2.2 Di-D 4WD INTENSE+ 5 SETER,https://www.finn.no/car/used/ad.html?finnkode=331422152,2016
"Haakon VIIs gate 13, 7041 Trondheim",89145,2016-08-18,Diesel,299900,Mitsubishi Outlander,"Mitsubishi Outlander 2,3D 150HK-4X4-SKINN-NAVI-KROK-ADAPTIV C-LINJE-KAMERA++",https://www.finn.no/car/used/ad.html?finnkode=331518434,2016
"Teglverksveien 99, 3057 Solbergelva",183000,2014-12-10,El + Bensin,133305,Mitsubishi Outlander,Mitsubishi Outlander Hybrid SUV 4X4 med skin seter,https://www.finn.no/car/used/ad.html?finnkode=332110288,2014
"Industrivegen 6, 7500 Stjørdal",39000,2018-09-13,El + Bensin,299900,Mitsubishi Outlander,"Mitsubishi Outlander 2,4 PHEV - Topputstyrt - AWD - Kamera - ACC - DAB+",https://www.finn.no/car/used/ad.html?finnkode=332081793,2018
"Barstølveien 30, 4636 Kristiansand S",49238,2020-12-16,El + Bensin,359000,Mitsubishi Outlander,Mitsubishi Outlander instyle Mitsubishi Outlander PHEV instyle,https://www.finn.no/car/used/ad.html?finnkode=332321915,2020
"Andøyveien 23, 4623 Kristiansand S",101000,2016-12-29,Diesel,215000,Mitsubishi Outlander,"Mitsubishi Outlander 2,3-150HK / Varebil / AWD / Manuell / 12mnd Garanti +++",https://www.finn.no/car/used/ad.html?finnkode=332714620,2017
"Fartvegen 8, 2324 Vang på Hedmarken",106000,2018-04-13,El + Bensin,259000,Mitsubishi Outlander,Mitsubishi Outlander PHEV HYBRID 202HK 4WD DELSKINN NAVI ADAPTIV LAV KM!!!!!,https://www.finn.no/car/used/ad.html?finnkode=333133585,2018
"Leangen Alle 6, 7044 Trondheim",71035,2019-11-05,El + Bensin,349000,Mitsubishi Outlander,Mitsubishi Outlander 2.4  PHEV Instyle+ 7ÅRSGARANTI-NORSK-NAVI-KAMERA+,https://www.finn.no/car/used/ad.html?finnkode=333342357,2020
"Martin Vagles veg 5, 4344 Bryne",181000,2015-10-20,Diesel,239000,Mitsubishi Outlander,"Mitsubishi Outlander 2,2 diesel, 4x4, skinn, auto, krok, 1 eier, 7 seter",https://www.finn.no/car/used/ad.html?finnkode=333751488,2016
"Smøråsvegen 22, 5238 Rådal",115000,2016-07-04,El + Bensin,209000,Mitsubishi Outlander,Mitsubishi Outlander PHEV 4WD INSTYLE+ 360CAM|HELSKINN|ACC|NAVI|KROK|DAB+BT,https://www.finn.no/car/used/ad.html?finnkode=333605570,2016
1165 Oslo,227700,2013-11-22,Bensin,123305,Mitsubishi Outlander,Mitsubishi Outlander OUTLANDER 2.0-150 4WD,https://www.finn.no/car/used/ad.html?finnkode=337336564,2013
"Vingvegen 2, 4050 Sola",33000,2020-10-15,El + Bensin,388000,Mitsubishi Outlander,Mitsubishi Outlander 230 hk Automat AWD m/ACC/Navi/Skinn/RyggeKamera,https://www.finn.no/car/used/ad.html?finnkode=337392090,2020
"Hovedveien 45, 9152 Sørkjosen",78000,2018-05-22,El + Bensin,293305,Mitsubishi Outlander,"Mitsubishi Outlander 2,0 PHEV",https://www.finn.no/car/used/ad.html?finnkode=337400928,2018
"Nedre Eikervei 12 A, 3045 Drammen",184000,2015-09-18,Diesel,199000,Mitsubishi Outlander,"Mitsubishi Outlander 2,3TD.150HK.7-s.4WD.1eiers! EUjun25.Hist.Outlet.Se pris",https://www.finn.no/car/used/ad.html?finnkode=337416584,2016
0173 Oslo,289000,2008-04-29,Diesel,41345,Mitsubishi Outlander,Mitsubishi Outlander OUTLANDER 2.0-140 D 4WD,https://www.finn.no/car/used/ad.html?finnkode=337198323,2008
"Ramdalveien 4, 3128 Nøtterøy",148500,2017-08-11,Diesel,279900,Mitsubishi Outlander,"Mitsubishi Outlander 2,2D 150 4WD Instyle + / Krok / ACC /R&F lyd/Oppv.Rute",https://www.finn.no/car/used/ad.html?finnkode=337588533,2017
5073 Bergen,190000,2008-11-27,Diesel,23845,Mitsubishi Outlander,Mitsubishi Outlander OUTLANDER 2.0-167 D 4WD,https://www.finn.no/car/used/ad.html?finnkode=338006501,2008
,151000,2015-06-24,El + Bensin,159000,Mitsubishi Outlander,Mitsubishi Outlander PHEV 4WD Hybrid/ Krok/ Cruise/ R.Kamera/ Navi/ BT/ DAB,https://www.finn.no/car/used/ad.html?finnkode=338089316,2014
5251 Søreidgrend,158361,2006-09-12,Bensin,48777,Mitsubishi Outlander,Mitsubishi Outlander OUTLANDER 2.4-160 4WD TOPP UTG. LAV KM. NESTE EU 2.26,https://www.finn.no/car/used/ad.html?finnkode=337590051,2006
"Vingvegen 2, 4050 Sola",46000,2020-10-12,El + Bensin,388000,Mitsubishi Outlander,Mitsubishi Outlander 230 hk Automat AWD m/Navi/RyggeK/DAB+,https://www.finn.no/car/used/ad.html?finnkode=338104101,2020
"Ringveien 103, 9018 Tromsø",153900,2020-01-27,El + Bensin,249900,Mitsubishi Outlander,"Mitsubishi Outlander Skinn, Krok, 360-kamera, Rattvarme, ad.Cruise, DAB++",https://www.finn.no/car/used/ad.html?finnkode=338355943,2020
"Ringveien 103, 9018 Tromsø",39000,2020-12-29,El + Bensin,349900,Mitsubishi Outlander,"Mitsubishi Outlander Varme i ratt, 360-Kamera, El.Sete, skinn, DAB+",https://www.finn.no/car/used/ad.html?finnkode=338355085,2020
"Stutterø Industriområde, 7500 Stjørdal",61800,2017-10-31,El + Bensin,284900,Mitsubishi Outlander,Mitsubishi Outlander PHEV Instyle+|Norsk| Krok|Adt.Cruise|1-Eier,https://www.finn.no/car/used/ad.html?finnkode=338358626,2018
"Vorsetøyveien 11, 8300 Svolvær",56000,2019-11-15,El + Bensin,339800,Mitsubishi Outlander,"Mitsubishi Outlander INSTYLE+,360GR,RKAM,SKINN,APP,NORSK",https://www.finn.no/car/used/ad.html?finnkode=338445301,2020
"Hovebakken 9, 4306 Sandnes",50000,2019-03-26,El + Bensin,309000,Mitsubishi Outlander,"Mitsubishi Outlander S-EDITION KROK,SOLTAK,ACC,360KAMERA,KEYLESS,TLF,DAB+",https://www.finn.no/car/used/ad.html?finnkode=338359736,2019
1467 Strømmen,196600,2018-06-14,El + Bensin,184305,Mitsubishi Outlander,Mitsubishi Outlander OUTLANDER 2.0-121 4WD,https://www.finn.no/car/used/ad.html?finnkode=338359270,2018
9406 Harstad,217000,2014-03-25,El + Bensin,119034,Mitsubishi Outlander,"Mitsubishi Outlander Instyle+, plugin hybrid",https://www.finn.no/car/used/ad.html?finnkode=266170992,2014
"Sandmoflata 2, 7093 Tiller",67000,2019-12-27,El + Bensin,339000,Mitsubishi Outlander,Mitsubishi Outlander 2.4 209HK.Hybrid 4x4 Skinn 360Kamera KROK,https://www.finn.no/car/used/ad.html?finnkode=338960845,2019
"Hensmoveien 18, 3516 Hønefoss",98100,2015-09-28,El + Bensin,215000,Mitsubishi Outlander,Mitsubishi Outlander PHEV 2.0 Skinn / Rockford / Kamera / Cruise / Keyless,https://www.finn.no/car/used/ad.html?finnkode=339080506,2016
"Håndverksvegen 15, 3917 Porsgrunn",305400,2007-05-15,Diesel,29000,Mitsubishi Outlander,Mitsubishi Outlander 2.0-140-HK-DIESEL-4X4-MANUELL-HENGERFESTE-XTRA-LYS-EU25,https://www.finn.no/car/used/ad.html?finnkode=338995663,2007
"Vestgårdveien 5, 1787 Halden",60000,2020-02-18,El + Bensin,335000,Mitsubishi Outlander,"Mitsubishi Outlander Instyle+ 2,4 224hk SKINN/ADAPTIV/360-KAM/KROK++",https://www.finn.no/car/used/ad.html?finnkode=339119134,2020
"Glitrevegen 20, 3550 Gol",164000,2015-10-26,Bensin,199900,Mitsubishi Outlander,Mitsubishi Outlander 2.0 Bensin 150hk Aut. Instyle+|7-seter|Krok|DAB+|Skinn,https://www.finn.no/car/used/ad.html?finnkode=339153370,2016
"Hønengata 72, 3515 Hønefoss",99600,2018-06-27,El + Bensin,258000,Mitsubishi Outlander,Mitsubishi Outlander PHEV INSTYLE+ 202HK SKINN ACC HENGERFESTE DAB+ KAMERA++,https://www.finn.no/car/used/ad.html?finnkode=339084341,2018
"Vuluvegen 301, 7563 Malvik",132200,2016-12-09,El + Bensin,219900,Mitsubishi Outlander,Mitsubishi Outlander PHEV Instyle+ 4WD Krok Soltak Skinn 360 INNBYTTE/FINANS,https://www.finn.no/car/used/ad.html?finnkode=339302689,2016
6090 Fosnavåg,51000,2019-08-06,El + Bensin,349999,Mitsubishi Outlander,Mitsubishi Outlander S Edition PHEV 2.4-135 4WD,https://www.finn.no/car/used/ad.html?finnkode=323308659,2020
"Industriveien 9b, 6517 Kristiansund N",79000,2019-12-30,El + Bensin,339000,Mitsubishi Outlander,Mitsubishi Outlander Instyle + PHEV 2.4-135 4WD,https://www.finn.no/car/used/ad.html?finnkode=339335717,2020
"Sigvat Skalds vei 60, 4327 Sandnes",223000,2010-05-26,Diesel,99000,Mitsubishi Outlander,Mitsubishi Outlander 2.2/156HK/AUT/4WD/7-Seter/Skinn/Instyle+/Ny R.Reim/EU!,https://www.finn.no/car/used/ad.html?finnkode=339477023,2010
"Bedriftsvegen 7, 4344 Bryne",70376,2018-05-09,Bensin,209900,Mitsubishi Outlander,"Mitsubishi Outlander 2,0 - 150 Hk Varebil Aut. R.kamera Skinn Navi Bi-Zenon",https://www.finn.no/car/used/ad.html?finnkode=339582300,2018
"Millerjordbukta, 8501 Narvik",84368,2020-01-22,El + Bensin,359000,Mitsubishi Outlander,"Mitsubishi Outlander S Edition 2,4 224hk",https://www.finn.no/car/used/ad.html?finnkode=339537419,2020
"Heiamyrå 16A, 4031 Stavanger",105246,2018-03-26,El + Bensin,289000,Mitsubishi Outlander,Mitsubishi Outlander S-Edition/Soltak/ACC/Skinn/Krok/DAB/360Kamera/Keyless++,https://www.finn.no/car/used/ad.html?finnkode=339607612,2018
6040 Vigra,174500,2016-03-01,El + Bensin,174305,Mitsubishi Outlander,Mitsubishi Outlander OUTLANDER 2.0-121 4WD,https://www.finn.no/car/used/ad.html?finnkode=339869283,2016
"Lierstranda 58, 3414 Lierstranda",157800,2010-06-22,Bensin,99845,Mitsubishi Outlander,"Mitsubishi Outlander 2,0 BENSIN 146HK AUTOMAT,H FESTE,SPORTSSETER++",https://www.finn.no/car/used/ad.html?finnkode=339901566,2010
"Martin Moesgt 10, 7503 Stjørdal",122300,2017-10-16,El + Bensin,291253,Mitsubishi Outlander,"Mitsubishi Outlander 2.0 S.Edition 4WD Automat Skinn,Kamera,Carplay,ACC,Krok",https://www.finn.no/car/used/ad.html?finnkode=339951875,2018
"Råsa 27, 6030 Langevåg",190000,2011-06-01,Diesel,100845,Mitsubishi Outlander,Mitsubishi Outlander OUTLANDER 2.2-156 D 4WD,https://www.finn.no/car/used/ad.html?finnkode=340370189,2010
"Leangen Alle 6, 7044 Trondheim",45000,2021-02-24,El + Bensin,369000,Mitsubishi Outlander,Mitsubishi Outlander 2.4  PHEV Instyle+ NORSK-7ÅRSGARANTI-NAVI-KAMERA++,https://www.finn.no/car/used/ad.html?finnkode=340006491,2020
"Skotfossvegen 35, 3720 Skien",91000,2019-02-28,El + Bensin,265000,Mitsubishi Outlander,Mitsubishi Outlander PHEV 2.0 4WD /Skinn /ACC/ R.Kamera/Navi / Krok/ Garanti,https://www.finn.no/car/used/ad.html?finnkode=340566427,2019
"Elsetvegen 7, 3731 Skien",177000,2011-01-27,Diesel,125000,Mitsubishi Outlander,Mitsubishi Outlander DI-D 2.2/156HK/AWD/Delskinn/H.Feste/Automat/EU2025,https://www.finn.no/car/used/ad.html?finnkode=340574748,2011
"Heiamyrå 16A, 4031 Stavanger",51808,2019-03-29,El + Bensin,329000,Mitsubishi Outlander,Mitsubishi Outlander Instyle+/Rockford//Krok/AppleCar/Skinn/360kam/AdaptivC,https://www.finn.no/car/used/ad.html?finnkode=340483452,2019
3170 Sem,70000,2020-03-03,El + Bensin,350000,Mitsubishi Outlander,Mitsubishi Outlander OUTLANDER PHEV 2.4-135 4WD,https://www.finn.no/car/used/ad.html?finnkode=340576809,2020
"Verksvegen 8, 7725 Steinkjer",166440,2017-11-14,El + Bensin,149000,Mitsubishi Outlander,Mitsubishi Outlander PHEV 4WD Aut Skinn/Navi/El luke/H.feste/Garanti,https://www.finn.no/car/used/ad.html?finnkode=340396449,2014
2013 Skjetten,65000,2020-04-29,El + Bensin,289305,Mitsubishi Outlander,Mitsubishi Outlander OUTLANDER PHEV 2.4-230 4WD Plug-in Hybrid 5-seter,https://www.finn.no/car/used/ad.html?finnkode=337724754,2019
1785 Halden,186700,2016-04-14,El + Bensin,165990,Mitsubishi Outlander,Mitsubishi Outlander OUTLANDER PHEV 2.0-202 4WD Instyle +,https://www.finn.no/car/used/ad.html?finnkode=340729253,2016
"Prestegardsmarka 3, 4347 Lye",80000,2018-11-13,El + Bensin,275000,Mitsubishi Outlander,Mitsubishi Outlander OUTLANDER PHEV 4WD KROK NAVI CRUISE,https://www.finn.no/car/used/ad.html?finnkode=340789386,2019
3577 Hovet,182846,2015-07-13,El + Bensin,134147,Mitsubishi Outlander,Mitsubishi Outlander OUTLANDER 2.0-121 4WD,https://www.finn.no/car/used/ad.html?finnkode=329309300,2015
3175 Ramnes,137610,2021-06-07,El + Bensin,243305,Mitsubishi Outlander,"Mitsubishi Outlander OUTLANDER (III) PHEV 4WD, 2.0 Hybrid",https://www.finn.no/car/used/ad.html?finnkode=340671076,2018
0690 Oslo,131000,2017-09-13,El + Bensin,229305,Mitsubishi Outlander,Mitsubishi Outlander OUTLANDER 2.0-121 4WD (PHEV S EDITION),https://www.finn.no/car/used/ad.html?finnkode=340703398,2017
"Strandgata 25, 4307 Sandnes",45000,2019-03-28,El + Bensin,319000,Mitsubishi Outlander,Mitsubishi Outlander 2.4 224hk Intense+ Soltak Alcantara Kamera Hengerfeste,https://www.finn.no/car/used/ad.html?finnkode=340878798,2019
"Stutterø Industriområde, 7500 Stjørdal",130500,2017-07-31,El + Bensin,234900,Mitsubishi Outlander,Mitsubishi Outlander PHEV INSTYLE+| Krok|LEDBAR|SERVICE,https://www.finn.no/car/used/ad.html?finnkode=340889663,2017
"Sundlandveien 7, 3048 Drammen",108000,2014-04-10,Bensin,199900,Mitsubishi Outlander,Mitsubishi Outlander 150 hk 4WD 7-seter m/Skinn/Automat/Navi/Hengerfeste++,https://www.finn.no/car/used/ad.html?finnkode=340884538,2014
"Industriveien 9b, 6517 Kristiansund N",118000,2020-04-25,El + Bensin,289000,Mitsubishi Outlander,Mitsubishi Outlander PHEV S-Edition 2.4-135 4WD,https://www.finn.no/car/used/ad.html?finnkode=340978175,2019
"Moafjæra 5 c, 7606 Levanger",151000,2012-02-27,Diesel,179900,Mitsubishi Outlander,Mitsubishi Outlander 2.2 DI-D INSTYLE+ 4WD AUTO 7 SETER,https://www.finn.no/car/used/ad.html?finnkode=340969348,2012
"Bedriftsveien 10, 0950 Oslo",60150,2018-12-19,El + Bensin,299000,Mitsubishi Outlander,"Mitsubishi Outlander PHEV 2,0HK CVT 4WD PIH | SKINN | INSYL+| ACC | 360K |",https://www.finn.no/car/used/ad.html?finnkode=340895146,2019
3173 Vear,246000,2011-02-17,Diesel,61845,Mitsubishi Outlander,Mitsubishi Outlander OUTLANDER 2.3-140 D 4WD,https://www.finn.no/car/used/ad.html?finnkode=340977839,2011
"Nessvegen 57, 7550 Hommelvik",247000,2010-12-01,Diesel,79000,Mitsubishi Outlander,Mitsubishi Outlander 2.2 Di-D 4wd Hengerfeste Ny EU Ny Service,https://www.finn.no/car/used/ad.html?finnkode=340989049,2011
2240 Magnor,168000,2016-03-15,Diesel,199305,Mitsubishi Outlander,Mitsubishi Outlander OUTLANDER 2.3-150 D 4WD,https://www.finn.no/car/used/ad.html?finnkode=341008978,2016
"Ervikveien 67, 5106 Øvre Ervik",106000,2009-12-28,Bensin,119000,Mitsubishi Outlander,"Mitsubishi Outlander 2,0 146HK Automat/Delskinn/Cruise/Defa/NY EU 31.05.2025",https://www.finn.no/car/used/ad.html?finnkode=340992304,2010
"Vallastølsvegen 4, 5227 Nesttun",147800,2016-09-23,El + Bensin,199500,Mitsubishi Outlander,Mitsubishi Outlander PHEv Instyle+/4WD/Skinn/Navi/Kamera/ACC/1 Års GARANTI,https://www.finn.no/car/used/ad.html?finnkode=340991040,2016
"Vestheimvegen 49, 4250 Kopervik",169985,2016-06-10,El + Bensin,209900,Mitsubishi Outlander,Mitsubishi Outlander Exclusive/4WD/Instyle+/Navi/Skinn/LED/KROK/R.KAM/NY EU,https://www.finn.no/car/used/ad.html?finnkode=341012850,2016
4110 Forsand,78000,2018-08-29,El + Bensin,324305,Mitsubishi Outlander,Mitsubishi Outlander OUTLANDER PHEV 2.4-135 4WD,https://www.finn.no/car/used/ad.html?finnkode=341015229,2019
4042 Hafrsfjord,157610,2016-04-13,El + Bensin,169305,Mitsubishi Outlander,Mitsubishi Outlander OUTLANDER 2.0-121 4WD,https://www.finn.no/car/used/ad.html?finnkode=340542601,2015
7079 Flatåsen,125000,2017-08-16,El + Bensin,229305,Mitsubishi Outlander,Mitsubishi Outlander OUTLANDER 2.0-121 4WD,https://www.finn.no/car/used/ad.html?finnkode=341057867,2017
"Kvaenveien 3, 1529 Moss",165500,2016-05-11,Diesel,169900,Mitsubishi Outlander,Mitsubishi Outlander 2.2D 150Hk 4WD Intense+ Kamera/Krok/Navigasjon - OUTLET,https://www.finn.no/car/used/ad.html?finnkode=341101989,2016
"Hadelandsveien 1, 2816 Gjøvik",107000,2017-03-29,El + Bensin,269900,Mitsubishi Outlander,Mitsubishi Outlander Outlander,https://www.finn.no/car/used/ad.html?finnkode=341121523,2017
"Lønningsflaten 32A, 5258 Blomsterdalen",113000,2012-11-06,Diesel,179000,Mitsubishi Outlander,Mitsubishi Outlander DI-D 2.2 150HK AWD 7Seter/Skinn/Cruise/H.Feste ++,https://www.finn.no/car/used/ad.html?finnkode=341127791,2013
"Hadelandsveien 1, 2816 Gjøvik",86700,2019-02-19,El + Bensin,328900,Mitsubishi Outlander,Mitsubishi Outlander Outlander,https://www.finn.no/car/used/ad.html?finnkode=341122227,2019
"Storåkeren 7, 9411 Harstad",49800,2016-10-10,El + Bensin,279000,Mitsubishi Outlander,"Mitsubishi Outlander PHEV Instyle+ krok, LAV KM, skinn, navi, Norsk Bil",https://www.finn.no/car/used/ad.html?finnkode=341122990,2016
4050 Sola,167000,2011-09-07,Bensin,129999,Mitsubishi Outlander,"Mitsubishi Outlander 2,0 146HK Automat/Delskinn/NY EU/NY SERVICE",https://www.finn.no/car/used/ad.html?finnkode=341286025,2011
"Dikeveien 16, 1661 Rolvsøy",150000,2011-01-04,Diesel,129900,Mitsubishi Outlander,"Mitsubishi Outlander 2,2 Diesel, 4X4, Automat, Service, Eu-godkjent",https://www.finn.no/car/used/ad.html?finnkode=341341996,2011
"Sandmoflata 2, 7093 Tiller",42588,2018-02-16,El + Bensin,309000,Mitsubishi Outlander,Mitsubishi Outlander P-HEV INSTYLE+,https://www.finn.no/car/used/ad.html?finnkode=341353305,2018
1063 Oslo,191000,2015-12-21,El + Bensin,149305,Mitsubishi Outlander,Mitsubishi Outlander OUTLANDER 2.0-121 4WD,https://www.finn.no/car/used/ad.html?finnkode=341351461,2016
"Bjertnesvegen 8, 2166 Oppaker",110800,2015-12-22,El + Bensin,219800,Mitsubishi Outlander,Mitsubishi Outlander PHEV / 4x4 / Automat / Skinnseter,https://www.finn.no/car/used/ad.html?finnkode=341373013,2016
"Hagebyvegen 40, 3734 Skien",172000,2011-03-23,Diesel,89000,Mitsubishi Outlander,Mitsubishi Outlander 2.3DID 140HK 4wd / Navi / Delskinn / Rygge.K / Krok++,https://www.finn.no/car/used/ad.html?finnkode=341384888,2011
"Haakon VIIs gate 13, 7041 Trondheim",59801,2013-06-12,Diesel,259900,Mitsubishi Outlander,"Mitsubishi Outlander 2,3D 150HK-4X4-AUTOMAT-7 SETER TOPPMODELL-KROK-ACC-NAVI",https://www.finn.no/car/used/ad.html?finnkode=341428945,2013
"Grasdalen 24, 4636 Kristiansand S",74600,2017-12-22,El + Bensin,299000,Mitsubishi Outlander,"Mitsubishi Outlander S Edition 2,0 202hk ACC/Skinn/360kam/Soltak/DAB/Keyless",https://www.finn.no/car/used/ad.html?finnkode=341462441,2018
"Bølevegen 32, 3724 Skien",183597,2015-03-24,Diesel,148900,Mitsubishi Outlander,Mitsubishi Outlander 2.3DiD/150HK/4WD/Navi/Kamera/DAB/Krok/Dieselvarmer!,https://www.finn.no/car/used/ad.html?finnkode=341437583,2015
"Industriveien 11, 9325 Bardufoss",56157,2020-09-28,El + Bensin,369000,Mitsubishi Outlander,"Mitsubishi Outlander Instyle 2,4 224hk MYE UTSTYR I INNBYTTE",https://www.finn.no/car/used/ad.html?finnkode=341462862,2020
5357 Fjell,123000,2017-10-13,El + Bensin,239000,Mitsubishi Outlander,Mitsubishi Outlander INSTYLE+ KROK SKINN,https://www.finn.no/car/used/ad.html?finnkode=341549563,2018
"Sundlandveien 7, 3048 Drammen",94000,2016-08-01,Bensin,249900,Mitsubishi Outlander,Mitsubishi Outlander 150 hk 7-seter m/Skinn/Automat/Navi/Xenon/Lav km/Ny EU,https://www.finn.no/car/used/ad.html?finnkode=341488169,2016
1290 Oslo,78000,2020-05-12,El + Bensin,284147,Mitsubishi Outlander,Mitsubishi Outlander,https://www.finn.no/car/used/ad.html?finnkode=307928160,2019
,141600,2014-09-29,El + Bensin,149000,Mitsubishi Outlander,Mitsubishi Outlander PHEV Intense Skinn Navi DAB Krok Lang EU++,https://www.finn.no/car/used/ad.html?finnkode=341653269,2014
4015 Stavanger,182000,2014-12-30,El + Bensin,141999,Mitsubishi Outlander,Mitsubishi Outlander OUTLANDER PHEV INSTYLE+ / 164hk / 4WD,https://www.finn.no/car/used/ad.html?finnkode=341697266,2014
5161 Laksevåg,131000,2015-03-25,Diesel,209147,Mitsubishi Outlander,Mitsubishi Outlander Instyle+ 2.2-150 DI-D aut,https://www.finn.no/car/used/ad.html?finnkode=331742703,2015
"Rødmyrlia 24, 3735 Skien",148000,2014-03-14,El + Bensin,160000,Mitsubishi Outlander,Mitsubishi Outlander 2.0 PHEV 284Hk/4X4/Navi/Skinn/R.Kam/H.Feste/DAB//CC+,https://www.finn.no/car/used/ad.html?finnkode=341750120,2014
5109 Hylkje,166276,2013-03-14,Diesel,119305,Mitsubishi Outlander,Mitsubishi Outlander OUTLANDER 4WD Instyle+ 2.2 -140,https://www.finn.no/car/used/ad.html?finnkode=341742106,2012
"Brynaskogen 27, 5705 Voss",105587,2016-05-12,El + Bensin,234305,Mitsubishi Outlander,Mitsubishi Outlander PHEV/202hk/4X4/Instyle+/Skinn/Rockford/Service/EU-02-26,https://www.finn.no/car/used/ad.html?finnkode=341758508,2016
"Mohagalia 6, 2770 Jaren",141200,2015-05-04,El + Bensin,168905,Mitsubishi Outlander,Mitsubishi Outlander PHEV/Instyle+/Krok/Cruise/Skinn/Navi/Ryggekamera/+++,https://www.finn.no/car/used/ad.html?finnkode=341760839,2015
4200 Sauda,120000,2015-11-20,El + Bensin,214305,Mitsubishi Outlander,Mitsubishi Outlander OUTLANDER 2.0-121 4WD,https://www.finn.no/car/used/ad.html?finnkode=341775606,2016
"Heiamyrå 2, 4031 Stavanger",128200,2016-07-20,El + Bensin,204900,Mitsubishi Outlander,Mitsubishi Outlander 2.0-189hk 4WD PHEV Instyle+/Ny EU/ACC/Skinn/Krok,https://www.finn.no/car/used/ad.html?finnkode=341798841,2016
"Sandmoflata 2, 7093 Tiller",121400,2017-01-20,El + Bensin,219000,Mitsubishi Outlander,Mitsubishi Outlander Outlander,https://www.finn.no/car/used/ad.html?finnkode=341799672,2016
"Skotfossvegen 35, 3720 Skien",173000,2020-02-27,El + Bensin,239000,Mitsubishi Outlander,Mitsubishi Outlander PHEV 2.4 PLUG-IN HYBRID EV INSTYLE+ 4WD/ Krok,https://www.finn.no/car/used/ad.html?finnkode=341824044,2020
"Teglveien 16, 1400 Ski",17330,2022-12-23,El + Bensin,469900,Mitsubishi Outlander,Mitsubishi Eclipse Cross PHEV S-AWC Instyle+  Topputsyrt!,https://www.finn.no/car/used/ad.html?finnkode=341775171,2022
"Økernveien 147, 0580 Oslo",104100,2019-12-10,El + Bensin,339000,Mitsubishi Outlander,"Mitsubishi Outlander S-edition, Toppmodell, Takluke, Krok, 360, Skinn, ACC",https://www.finn.no/car/used/ad.html?finnkode=341829262,2020
3015 Drammen,129000,2015-08-07,El + Bensin,149900,Mitsubishi Outlander,Mitsubishi Outlander OUTLANDER 2.0-121 4WD,https://www.finn.no/car/used/ad.html?finnkode=341823575,2014
"Kvaenveien 5, 1523 Moss",155000,2015-12-02,El + Bensin,178700,Mitsubishi Outlander,"Mitsubishi Outlander 2,0 PHEV AWD INTENS+ / KROK / ACC / DAB / NAVI / R KAM",https://www.finn.no/car/used/ad.html?finnkode=341886390,2015
"Nedre kalbakkvei 90, 1081 Oslo",179000,2013-03-14,Diesel,158000,Mitsubishi Outlander,Mitsubishi Outlander 2.2 DI-D INTENSE+ 4WD AUT/DAB+/CRUISE/NAVI/SKINN/OUTLET,https://www.finn.no/car/used/ad.html?finnkode=341907291,2013
"Fagernesvegen 28, 9027 Ramfjordbotn",128095,2015-12-07,El + Bensin,225000,Mitsubishi Outlander,Mitsubishi Outlander 2.0-121 PHEV 4WD Instyle+ Aut,https://www.finn.no/car/used/ad.html?finnkode=341935431,2016
"Elgvegen 2, 2340 Løten",18689,2020-05-20,El + Bensin,369000,Mitsubishi Outlander,"Mitsubishi Outlander Instyle+ 2,4 224hk INNBYTTEKAMPANJE",https://www.finn.no/car/used/ad.html?finnkode=341923929,2020
1820 Spydeberg,134500,2019-05-27,El + Bensin,259805,Mitsubishi Outlander,Mitsubishi Outlander PHEV 2.4 4WD INSTYLE+ SKINN 360 HENGERFESTE,https://www.finn.no/car/used/ad.html?finnkode=342124963,2019
"Ringeriksveien 177, 1339 Vøyenenga",102416,2013-01-29,Bensin,189999,Mitsubishi Outlander,"Mitsubishi Outlander 4WD-2.0-150HK-7 SETER-"" ALT UTSTYR ""-LAV KM-EU OKT 2024",https://www.finn.no/car/used/ad.html?finnkode=342191761,2013
"Klokkergårdveien 4, 1711 Sarpsborg",74000,2019-08-13,El + Bensin,329000,Mitsubishi Outlander,Mitsubishi Outlander PHEV Instyle+ / Sjekk utstyr! / Norsksolgt! +++,https://www.finn.no/car/used/ad.html?finnkode=342178297,2020
,125000,2015-11-25,Bensin,205000,Mitsubishi Outlander,"Mitsubishi Outlander 2,0B 150hkIntense+cvt aut",https://www.finn.no/car/used/ad.html?finnkode=342179991,2016
1413 Tårnåsen,246444,2009-02-10,Diesel,48999,Mitsubishi Outlander,Mitsubishi Outlander OUTLANDER 2.0-140 D 4WD,https://www.finn.no/car/used/ad.html?finnkode=341788382,2008
"Økernveien 147, 0580 Oslo",64750,2020-03-02,El + Bensin,328900,Mitsubishi Outlander,"Mitsubishi Outlander Norsk, 360, Hengerfeste, CarPlay, LED,",https://www.finn.no/car/used/ad.html?finnkode=342203478,2020
"Hensmoveien 18, 3516 Hønefoss",161200,2016-05-18,El + Bensin,179000,Mitsubishi Outlander,Mitsubishi Outlander PHEV AWD Intense+/ Dab/ Navi/ Norsk/ Kamera ++,https://www.finn.no/car/used/ad.html?finnkode=342204013,2016
7350 Buvika,180320,2009-12-10,Diesel,86845,Mitsubishi Outlander,Mitsubishi Outlander OUTLANDER 2.0-140 D 4WD,https://www.finn.no/car/used/ad.html?finnkode=342217656,2010
"Rigedalen 45a, 4620 Kristiansand S",85000,2017-09-26,El + Bensin,244305,Mitsubishi Outlander,"Mitsubishi Outlander 4WD PHEV+ 2.0-Aut .Krok, Skinn ,Navi Ny Serv.",https://www.finn.no/car/used/ad.html?finnkode=342250229,2018
"Skageveien 21, 5258 Blomsterdalen",108000,2015-06-04,El + Bensin,159000,Mitsubishi Outlander,Mitsubishi Outlander PHEV 4WD | Skinn | Rockford | EU 25 |,https://www.finn.no/car/used/ad.html?finnkode=342213211,2015
"Rosenkrantz gate 61, 3018 Drammen",89000,2015-03-27,El + Bensin,199955,Mitsubishi Outlander,"Mitsubishi Outlander Mitsubishi Outlander PLUG IN HYBRID, +++++++++",https://www.finn.no/car/used/ad.html?finnkode=342210027,2015
"Hoveveien 34, 4306 Sandnes",41000,2018-03-14,El + Bensin,349000,Mitsubishi Outlander,Mitsubishi Outlander PHEV S-EDITION 360 KAMERA H.FESTE DAB NORSK TAKLUKE,https://www.finn.no/car/used/ad.html?finnkode=342226972,2018
"Økernveien 147, 0580 Oslo",49500,2020-12-16,El + Bensin,348900,Mitsubishi Outlander,"Mitsubishi Outlander Hengerfeste, Skinn, Rattvarme, ACC, 360, CarPlay",https://www.finn.no/car/used/ad.html?finnkode=342228733,2020
3330 Skotselv,193000,2014-05-30,Diesel,154147,Mitsubishi Outlander,Mitsubishi Outlander OUTLANDER 2.3-150 D 4WD,https://www.finn.no/car/used/ad.html?finnkode=320949528,2014
"Daneljordet 12, 8656 Mosjøen",120000,2015-11-13,El + Bensin,215000,Mitsubishi Outlander,Mitsubishi Outlander PHEV 4WD Automat Intense+| H.feste | 360 Kamera |Navi++,https://www.finn.no/car/used/ad.html?finnkode=342275979,2016
2319 Hamar,109000,2019-03-29,El + Bensin,274805,Mitsubishi Outlander,"Mitsubishi Outlander Instyle+ 2,4 224hk - Service og EU OK -",https://www.finn.no/car/used/ad.html?finnkode=338176411,2019
"Elgvegen 2, 2340 Løten",18901,2020-05-20,El + Bensin,369000,Mitsubishi Outlander,"Mitsubishi Outlander Instyle+ 2,4 224hk INNBYTTEKAMPANJE",https://www.finn.no/car/used/ad.html?finnkode=342278816,2020
"Jogstadveien 19, 2007 Kjeller",142642,2012-11-28,Diesel,189000,Mitsubishi Outlander,"Mitsubishi Outlander Instyle+ 2.2-150 DI-D 7-seter , Krok, DAB, ISOFIX,",https://www.finn.no/car/used/ad.html?finnkode=342300168,2013
"Rådhusveien 20, 7100 Rissa",78000,2018-03-29,El + Bensin,279000,Mitsubishi Outlander,Mitsubishi Outlander 2.0  PHEV |12 MND GARANTI|R.kamera|Delskinn|Krok,https://www.finn.no/car/used/ad.html?finnkode=342311671,2018
"Ringveien 12 - U-etage Monterbygget, 2815 Gjøvik",89000,2012-06-22,Diesel,199999,Mitsubishi Outlander,Mitsubishi Outlander 2.2  INTENSE+ H-FESTE+RYGGEKAMERA+MOTORVARMER+MØRKE RUT,https://www.finn.no/car/used/ad.html?finnkode=342311524,2012
7653 Verdal,169000,2015-12-04,El + Bensin,169999,Mitsubishi Outlander,Mitsubishi Outlander OUTLANDER PHEV 2.0-121 4WD,https://www.finn.no/car/used/ad.html?finnkode=342318396,2016
"Teglveien 16, 1400 Ski",31752,2021-02-25,El + Bensin,349900,Mitsubishi Outlander,"Mitsubishi Outlander Instyle 2,4 224hk Norsk,Lav Km, Nylig tatt service",https://www.finn.no/car/used/ad.html?finnkode=342312165,2020
"Trondheimsveien 40, 2013 Skjetten",84700,2019-12-06,Bensin,309900,Mitsubishi Outlander,"Mitsubishi Outlander Instyle+ 360kam, Skinn, Navi, ACC",https://www.finn.no/car/used/ad.html?finnkode=342315560,2020
"Kokstadflaten 29, 5257 Kokstad",51200,2018-08-29,El + Bensin,319000,Mitsubishi Outlander,Mitsubishi Outlander PHEV Instyle+ AWD/Skinn/HFest/H.feste/ACC/Rockford Fost,https://www.finn.no/car/used/ad.html?finnkode=342332937,2019
"Stabburveien 5, 1617 Fredrikstad",31240,2019-03-14,El + Bensin,359000,Mitsubishi Outlander,"Mitsubishi Outlander PHEV S-Edition 224 HK,Soltak,H.feste,Ledbar,Ny i Norge",https://www.finn.no/car/used/ad.html?finnkode=342332616,2019
5410 Sagvåg,321000,2008-05-07,Diesel,31777,Mitsubishi Outlander,Mitsubishi Outlander OUTLANDER 2.0-140 D 4WD,https://www.finn.no/car/used/ad.html?finnkode=331684723,2008
"Kåsvegen 14, 7340 Oppdal",43441,2018-03-22,El + Bensin,289900,Mitsubishi Outlander,Mitsubishi Outlander 2.0 PHEV | 4WD | Kamera | Rattvarme | Garanti*,https://www.finn.no/car/used/ad.html?finnkode=342354956,2018
"Kåsvegen 14, 7340 Oppdal",114449,2017-04-26,El + Bensin,249900,Mitsubishi Outlander,Mitsubishi Outlander 2.0 PHEV | 4WD | Auto | Kamera | Rattvarme | Garanti*,https://www.finn.no/car/used/ad.html?finnkode=342354191,2017
"Haakon VIIs gate 13, 7041 Trondheim",192800,2014-10-10,Diesel,174900,Mitsubishi Outlander,"Mitsubishi Outlander 2,2D-150HK-4X4-AUTOMAT-NAV-ADAPTIV C-KROK-KAMERA-LINJE",https://www.finn.no/car/used/ad.html?finnkode=342359035,2014
3413 Lier,233000,2014-08-05,El + Bensin,110000,Mitsubishi Outlander,Mitsubishi Outlander Instyle+,https://www.finn.no/car/used/ad.html?finnkode=342360269,2014
4280 Skudeneshavn,231000,2010-09-10,Diesel,49845,Mitsubishi Outlander,Mitsubishi Outlander OUTLANDER 2.2-156 D 4WD,https://www.finn.no/car/used/ad.html?finnkode=342366784,2010
"Kjøpmannsbrotet 12, 4352 Kleppe",146000,2013-04-24,Diesel,184000,Mitsubishi Outlander,Mitsubishi Outlander 2.2 D 150hk Automat 4x4 velholdt eu26 +,https://www.finn.no/car/used/ad.html?finnkode=342363454,2013
"Haakon VIIs gate 13, 7041 Trondheim",164200,2013-11-25,Diesel,194900,Mitsubishi Outlander,"Mitsubishi Outlander 2,2D-150HK-4X4-7 SETER-KROK-KAMERA-SKINN-NAVI-INSTYLE+",https://www.finn.no/car/used/ad.html?finnkode=342358459,2013
7072 Heimdal,140000,2018-04-03,El + Bensin,158305,Mitsubishi Outlander,Mitsubishi Outlander OUTLANDER 2.0-121 4WD,https://www.finn.no/car/used/ad.html?finnkode=342395943,2015
"Haakon VII’s gt. 23 C, 7041 Trondheim",85000,2020-02-26,El + Bensin,314900,Mitsubishi Outlander,"Mitsubishi Outlander PHEV Instyle+, Norsk, Krok, Skinn, ACC",https://www.finn.no/car/used/ad.html?finnkode=342771648,2020
8003 Bodø,174000,2017-04-03,El + Bensin,144305,Mitsubishi Outlander,Mitsubishi Outlander OUTLANDER PHEV 2.0-121 4WD,https://www.finn.no/car/used/ad.html?finnkode=342768249,2014
"Vallastølsvegen 4, 5227 Nesttun",121300,2015-10-07,El + Bensin,179500,Mitsubishi Outlander,Mitsubishi Outlander PHEV Intense+ 4WD/Navi/kamera/Dab+/1 Års Garanti,https://www.finn.no/car/used/ad.html?finnkode=342774518,2015
9407 Harstad,35000,2019-11-21,El + Bensin,314305,Mitsubishi Outlander,Mitsubishi Outlander OUTLANDER PHEV 2.4-135 4WD,https://www.finn.no/car/used/ad.html?finnkode=342764862,2019
"Skrubbmoen 16, 3617 Kongsberg",117400,2017-12-13,El + Bensin,258000,Mitsubishi Outlander,Mitsubishi Outlander PHEV S-EDITION 4WD KROK ACC SOLTAK APPLE CARPLAY SKINN,https://www.finn.no/car/used/ad.html?finnkode=342782984,2017
"Yttersøveien 1, 3255 Larvik",139000,2015-06-08,El + Bensin,159000,Mitsubishi Outlander,Mitsubishi Outlander Instyle+ Plug-In Hybrid EV,https://www.finn.no/car/used/ad.html?finnkode=342778422,2014
1354 Bærums Verk,249000,2010-09-27,Diesel,86777,Mitsubishi Outlander,"Mitsubishi Outlander 2,2 Instyle+ TC-SST",https://www.finn.no/car/used/ad.html?finnkode=318835067,2010
5208 Os,244000,2005-06-08,Bensin,51845,Mitsubishi Outlander,Mitsubishi Outlander OUTLANDER 2.0-201 4WD,https://www.finn.no/car/used/ad.html?finnkode=342804697,2005
4044 Hafrsfjord,38472,2020-03-09,El + Bensin,396129,Mitsubishi Outlander,"Mitsubishi Outlander S Edition 2,4 224hk",https://www.finn.no/car/used/ad.html?finnkode=342795777,2020
"Bambergveien 44, 7600 Levanger",105500,2016-06-09,El + Bensin,221000,Mitsubishi Outlander,Mitsubishi Outlander PHEV 2.0 4WD | Instyle | Skinn | R.Kam | H.Feste,https://www.finn.no/car/used/ad.html?finnkode=342852543,2016
"Elgvegen 2, 2340 Løten",18855,2020-05-20,El + Bensin,369000,Mitsubishi Outlander,"Mitsubishi Outlander Instyle+ 2,4 224hk INNBYTTEKAMPANJE",https://www.finn.no/car/used/ad.html?finnkode=342870764,2020
"Elgvegen 2, 2340 Løten",43216,2020-05-20,El + Bensin,349000,Mitsubishi Outlander,"Mitsubishi Outlander Instyle+ 2,4 224hk INNBYTTEKAMPANJE",https://www.finn.no/car/used/ad.html?finnkode=342875518,2020
"Litleåsvegen 65, 5132 Nyborg",81800,2019-12-09,El + Bensin,319900,Mitsubishi Outlander,Mitsubishi Outlander Instyle+ Skinn/360Kamera/ACC/DAB+/Norsk/7årGaranti/S+V,https://www.finn.no/car/used/ad.html?finnkode=342886550,2020
"Solheimveien 72, 1473 Lørenskog",137000,2014-05-14,El + Bensin,165000,Mitsubishi Outlander,Mitsubishi Outlander INSTYLE+ NY EU DAB KEYLESS TAKBOKS 1ÅRS GARANTI,https://www.finn.no/car/used/ad.html?finnkode=342876518,2014
"Østre Aker vei 62, 0581 Oslo",72600,2020-02-05,El + Bensin,339000,Mitsubishi Outlander,"Mitsubishi Outlander Instyle+ 2,4 224hk Forvarmer . Skinn",https://www.finn.no/car/used/ad.html?finnkode=342894511,2020
"Wergelandsvegen 23, 7500 Stjørdal",64500,2019-05-07,El + Bensin,309000,Mitsubishi Outlander,Mitsubishi Outlander 2.4 PHEV 230hk AWD InstylePlus AdaptivCruise Norsk,https://www.finn.no/car/used/ad.html?finnkode=342908980,2019
4318 Sandnes,179000,2010-04-29,Diesel,90000,Mitsubishi Outlander,Mitsubishi Outlander Intense 2.2-156 AT,https://www.finn.no/car/used/ad.html?finnkode=342861897,2010
"Haakon VIIs gate 13, 7041 Trondheim",195100,2013-05-06,Diesel,179900,Mitsubishi Outlander,"Mitsubishi Outlander 2,3D-150HK-7SETER-AUTOMAT-4X4-SKINN-KROK-NAVI-R.KAM +++",https://www.finn.no/car/used/ad.html?finnkode=342955917,2013
"HYLLAVEGEN 4, 7670 Inderøy",180211,2016-04-11,El + Bensin,169900,Mitsubishi Outlander,"Mitsubishi Outlander hybrid, 4x4, skinn, dab, ryggekamera, isofix, krok",https://www.finn.no/car/used/ad.html?finnkode=342996892,2016
"Heiane 31, 5412 Stord",47700,2021-03-01,El + Bensin,359900,Mitsubishi Outlander,"Mitsubishi Outlander Instyle 2,4 224hk",https://www.finn.no/car/used/ad.html?finnkode=343006803,2020
"Olaves Hvervens vei 13, 1266 Oslo",168096,2013-08-16,Bensin,159000,Mitsubishi Outlander,Mitsubishi Outlander 2.0 150HK/AUTOMAT/4WD/NAVI/CAM//SKINN/7-SETER /KROK++++,https://www.finn.no/car/used/ad.html?finnkode=343021943,2013
"Lilletuneveien 6 B, 1711 Sarpsborg",96000,2018-10-16,El + Bensin,308000,Mitsubishi Outlander,"Mitsubishi Outlander PHEV - + 2,4 L - 230 HK -Større batteri- Vaffelskinn",https://www.finn.no/car/used/ad.html?finnkode=343033378,2019
"Dyrskuevegen 4, 2040 Kløfta",134900,2014-04-25,El + Bensin,149900,Mitsubishi Outlander,Mitsubishi Outlander 2.0 PHEV/Instyle+/Skinn/ACC/Navi/R.Kam/Krok/El-Bakluke,https://www.finn.no/car/used/ad.html?finnkode=343037171,2014
"merdevegen 6, 3676 Notodden",94084,2018-12-13,El + Bensin,299000,Mitsubishi Outlander,Mitsubishi Outlander S-Edition - Takboks/Soltak/H.feste,https://www.finn.no/car/used/ad.html?finnkode=343055938,2019
"Midtstranda 65, 2321 Hamar",86000,2018-09-03,El + Bensin,279000,Mitsubishi Outlander,Mitsubishi Outlander | H. feste |,https://www.finn.no/car/used/ad.html?finnkode=343061097,2019
"Fabrikkveien 2, 4033 Stavanger",49300,2019-10-30,El + Bensin,359000,Mitsubishi Outlander,Mitsubishi Outlander PHEV 4WD Instyle+*Skinn*360Ryggekam*Hengerfeste**HiFi,https://www.finn.no/car/used/ad.html?finnkode=343185469,2020
"Eikveien 14, 1718 Greåker",119400,2015-12-29,El + Bensin,199000,Mitsubishi Outlander,Mitsubishi Outlander PHEV/Instyle+/AUTOMAT/Ny service/Nye bremser/Ny EU,https://www.finn.no/car/used/ad.html?finnkode=343058112,2016
"Masteveien 3, 1481 Hagan",155900,2017-05-31,El + Bensin,219000,Mitsubishi Outlander,"Mitsubishi Outlander 2.0 PHEV 4WD S-Edition,Skinn,CC,Rockford,Krok,Kam,Norsk",https://www.finn.no/car/used/ad.html?finnkode=343192405,2017
"Mediåvegen 79, 7870 Grong",67000,2017-11-30,El + Bensin,279900,Mitsubishi Outlander,"Mitsubishi Outlander Instyle+ 2,0 202hk | LAZER EKSTRALYS | NY SERVICE | DAB",https://www.finn.no/car/used/ad.html?finnkode=343192180,2018
"Rudssletta 24, 1351 Rud",73000,2020-02-17,El + Bensin,355900,Mitsubishi Outlander,"Mitsubishi Outlander S Edition 2,4 224hk TOPPUTGAVEN/CARPLAY/ADAPTIV",https://www.finn.no/car/used/ad.html?finnkode=343191179,2020
2821 Gjøvik,243000,2024-06-30,Diesel,76845,Mitsubishi Outlander,Mitsubishi Outlander OUTLANDER 2.2-156 D 4WD,https://www.finn.no/car/used/ad.html?finnkode=343183061,2010
5550 Sveio,47000,2020-09-28,El + Bensin,347129,Mitsubishi Outlander,Mitsubishi Outlander OUTLANDER PHEV 2.4-135 4WD,https://www.finn.no/car/used/ad.html?finnkode=343202430,2020
"Gigstadsvei 18, 3511 Hønefoss",57500,2017-12-28,El + Bensin,269900,Mitsubishi Outlander,Mitsubishi Outlander 2.0 PHEV INT+ AUT |Krok|,https://www.finn.no/car/used/ad.html?finnkode=343199162,2018
7070 Bosberg,71000,2020-01-31,El + Bensin,342129,Mitsubishi Outlander,Mitsubishi Outlander OUTLANDER PHEV 2.4-135 4WD,https://www.finn.no/car/used/ad.html?finnkode=343200009,2020
"Vallastølsvegen 4, 5227 Nesttun",142000,2015-08-19,El + Bensin,177500,Mitsubishi Outlander,Mitsubishi Outlander 4WD/PHEV Instyle+/Navi/Kamera/SOL/SKINN/ACC/1År Garanti,https://www.finn.no/car/used/ad.html?finnkode=343294671,2015
"Magnus Lagabøters veg 6, 7047 Trondheim",103400,2018-12-21,El + Bensin,288900,Mitsubishi Outlander,Mitsubishi Outlander 2.4 224HK S-Edition 4x4|ACC/360/KEYLESS/ROCKFORD/KROK++,https://www.finn.no/car/used/ad.html?finnkode=343285093,2019
"Ramstadveien 3, 1850 Mysen",40128,2020-03-24,El + Bensin,369000,Mitsubishi Outlander,"Mitsubishi Outlander S Edition 2,4 224hk Lav Km.",https://www.finn.no/car/used/ad.html?finnkode=343295926,2020
2353 Stavsjø,203000,2015-11-26,El + Bensin,149305,Mitsubishi Outlander,Mitsubishi Outlander OUTLANDER PHEV 2.0-121 4WD,https://www.finn.no/car/used/ad.html?finnkode=343299457,2016
5108 Hordvik,46518,2020-03-18,El + Bensin,359305,Mitsubishi Outlander,"Mitsubishi Outlander Instyle+ 2,4 224hk",https://www.finn.no/car/used/ad.html?finnkode=343305972,2020
"Industrivegen 72, 2072 Dal",115604,2018-08-29,El + Bensin,278800,Mitsubishi Outlander,Mitsubishi Outlander 209HK/PHEV/TOPPUTGAVE/SP.SKINN/KAMERA/ACC/,https://www.finn.no/car/used/ad.html?finnkode=343323497,2019
0179 Oslo,264900,2010-09-30,Diesel,37845,Mitsubishi Outlander,"Mitsubishi Outlander OUTLANDER 2.2 EU ok til mars 25, NAF kjøptest",https://www.finn.no/car/used/ad.html?finnkode=343335994,2009
"Årvollskogen 27, 1529 Moss",231000,2016-03-31,El + Bensin,149000,Mitsubishi Outlander,Mitsubishi Outlander PHEV Instyle+/Krok/360kam/Skinn/Rockford/Takboks/OUTLET,https://www.finn.no/car/used/ad.html?finnkode=343323304,2016
"Hagebyvegen 40, 3734 Skien",201000,2014-11-28,El + Bensin,129000,Mitsubishi Outlander,Mitsubishi Outlander 2.0 PHEV 4WD / Skinn / RyggeK / Krok / Rockford / CC+,https://www.finn.no/car/used/ad.html?finnkode=343332477,2015
"Kjørbekkdalen 13A, 3735 Skien",135042,2010-02-16,Diesel,129000,Mitsubishi Outlander,Mitsubishi Outlander 2.0-140 D 4WD TOPPUTSTYRT 7-SETER KROK XENON R.KAM,https://www.finn.no/car/used/ad.html?finnkode=343244231,2010
"Kvaenveien 5, 1523 Moss",166000,2014-04-22,El + Bensin,148700,Mitsubishi Outlander,"Mitsubishi Outlander 2,0 PHEV AWD INSTYLE+ / ROCKFORD / KROK / NY EU KOMMER",https://www.finn.no/car/used/ad.html?finnkode=343359053,2014
7607 Levanger,177900,2015-04-24,El + Bensin,144305,Mitsubishi Outlander,Mitsubishi Outlander OUTLANDER 2.0-121 4WD,https://www.finn.no/car/used/ad.html?finnkode=342815872,2015
"Buskerudveien 117, 3027 Drammen",134500,2014-09-08,El + Bensin,189875,Mitsubishi Outlander,Mitsubishi Outlander 2.0 189HK/4x4/ACC/DAB/Krok/Navi/R.Kamera++,https://www.finn.no/car/used/ad.html?finnkode=343384651,2014
"Haakon VIIs gate 13, 7041 Trondheim",170191,2013-08-13,Diesel,179900,Mitsubishi Outlander,"Mitsubishi Outlander 2,3D 150HK-4X4-7SETER-WEBASTO-SKINN-KAMERA-NAVI-KROK",https://www.finn.no/car/used/ad.html?finnkode=343370535,2013
4311 Hommersåk,120500,2017-05-10,El + Bensin,239000,Mitsubishi Outlander,Mitsubishi Outlander PHEV S-Edition 4WD,https://www.finn.no/car/used/ad.html?finnkode=343474944,2017
"Ingeniør Rybergs Gate 93, 3024 Drammen",144000,2015-03-18,El + Bensin,189875,Mitsubishi Outlander,Mitsubishi Outlander 2.0 189HK/4x4/ACC/DAB/Krok/Navi/R.Kamera++,https://www.finn.no/car/used/ad.html?finnkode=343442001,2015
3114 Tønsberg,75000,2018-09-29,El + Bensin,284305,Mitsubishi Outlander,Mitsubishi Outlander OUTLANDER 2.4-135 4WD. Nye Eu!,https://www.finn.no/car/used/ad.html?finnkode=343553069,2019
5151 Straumsgrend,48120,2020-02-03,El + Bensin,359129,Mitsubishi Outlander,Mitsubishi Outlander OUTLANDER PHEV 2.4-135 4WD,https://www.finn.no/car/used/ad.html?finnkode=343656041,2020
"Verksvegen 8, 7725 Steinkjer",173050,2013-09-11,Diesel,179000,Mitsubishi Outlander,Mitsubishi Outlander 2.2 Di-D 4WD 150 hk Instyle+ H.feste/DAB+/Skinn/Garanti,https://www.finn.no/car/used/ad.html?finnkode=343798809,2013
"Håndverkervegen 4, 9018 Tromsø",59600,2020-03-06,El + Bensin,349000,Mitsubishi Outlander,"Mitsubishi Outlander Instyle+ 2,4 224hk",https://www.finn.no/car/used/ad.html?finnkode=343693866,2020
"Betongveien 3, 9515 Alta",84722,2020-06-26,El + Bensin,329000,Mitsubishi Outlander,"Mitsubishi Outlander Intense+ 2,4 224hk",https://www.finn.no/car/used/ad.html?finnkode=343691955,2020
"Svartbekkvegen 52, 2406 Elverum",90816,2017-12-07,El + Bensin,299000,Mitsubishi Outlander,Mitsubishi Outlander PHEV S-Edition  Toppmodell Hengerfeste Skinn Navi DAB,https://www.finn.no/car/used/ad.html?finnkode=343689953,2018
7632 Åsenfjord,203000,2007-10-01,Diesel,46845,Mitsubishi Outlander,Mitsubishi Outlander OUTLANDER 2.0-140 D 4WD,https://www.finn.no/car/used/ad.html?finnkode=343682213,2007
"Vognvegen 35 E, 2072 Dal",67600,2019-10-16,El + Bensin,318900,Mitsubishi Outlander,"Mitsubishi Outlander PHEV 2,4 INSTYLE+,SKINN,360KAMERA,ACC,KROK,DAB+,TECTYL",https://www.finn.no/car/used/ad.html?finnkode=343672104,2019
"Haakon VIIs gate 13, 7041 Trondheim",100000,2017-07-05,Diesel,329900,Mitsubishi Outlander,"Mitsubishi Outlander 2,3D-150HK-4X4-AUTO-SKINN-KROK-360CAM-ACC-LINJE-BLIS+++",https://www.finn.no/car/used/ad.html?finnkode=343819040,2017
"Haakon VIIs gate 13, 7041 Trondheim",189500,2010-06-01,Bensin,89900,Mitsubishi Outlander,"Mitsubishi Outlander 2,0 BENSIN-AUTOMAT-CRUISE-NY EU-SORT DELSKINN-F1 GIRING",https://www.finn.no/car/used/ad.html?finnkode=343819829,2010
6819 Førde,114000,2016-06-29,Diesel,229000,Mitsubishi Outlander,Mitsubishi Outlander Intense+ 2.2-150 DI-D 4WD Tectyl Ditec Webasto Krok,https://www.finn.no/car/used/ad.html?finnkode=259241375,2016
"Oslovegen 400, 2920 Leira i Valdres",158000,2019-01-15,El + Bensin,249900,Mitsubishi Outlander,"Mitsubishi Outlander Instyle+ 2,4 224hk Hengerfeste, takstativ, 1-eiers bil",https://www.finn.no/car/used/ad.html?finnkode=343824694,2019
"Fraunaveien 1A, 2016 Frogner",130000,2016-06-21,El + Bensin,219000,Mitsubishi Outlander,Mitsubishi Outlander Mitsubishi OUTLANDER 2.0-121 4WD,https://www.finn.no/car/used/ad.html?finnkode=343830706,2016
"Fagernesveien 134, 8514 Narvik",129800,2014-02-26,El + Bensin,159000,Mitsubishi Outlander,Mitsubishi Outlander Instyle+ Plug-In Hybrid EV,https://www.finn.no/car/used/ad.html?finnkode=343845170,2014
"Hvamveien 4, 2013 Skjetten",48900,2020-05-29,El + Bensin,349000,Mitsubishi Outlander,Mitsubishi Outlander Instyle+/Hengerfeste/SkinnNybilgaranti 84 mnd/Eu 2026,https://www.finn.no/car/used/ad.html?finnkode=343847561,2020
"Sandvikveien 9, 4016 Stavanger",75900,2019-06-04,El + Bensin,309000,Mitsubishi Outlander,"Mitsubishi Outlander 2,4 HYBRID, 4x4,Skinn, Soltak, Krok,360 Kamera, ACC++",https://www.finn.no/car/used/ad.html?finnkode=343848696,2019
"Torsvang 16, 3271 Larvik",78588,2018-09-13,El + Bensin,309000,Mitsubishi Outlander,Mitsubishi Outlander PHEV 2.4 4WD SKINN ACC DAB KROK 360KAM,https://www.finn.no/car/used/ad.html?finnkode=343845445,2018
"Leangen Alle 6, 7044 Trondheim",82000,2017-07-14,El + Bensin,269000,Mitsubishi Outlander,Mitsubishi Outlander 2.0  S Edition LAVKM-KROK-SOLTAK-NORSK-NAVI++,https://www.finn.no/car/used/ad.html?finnkode=343850151,2017
"Bomvegen 8, 7725 Steinkjer",65400,2020-02-28,El + Bensin,359000,Mitsubishi Outlander,Mitsubishi Outlander 2.4 4WD Instyle+ 7-Års Garanti/Krok/Takboks/LedBar,https://www.finn.no/car/used/ad.html?finnkode=343862180,2020
"Stabburveien 5, 1617 Fredrikstad",40360,2021-01-11,El + Bensin,355000,Mitsubishi Outlander,"Mitsubishi Outlander PHEV Instyle + 224 HK, Skinnseter, H.feste ++",https://www.finn.no/car/used/ad.html?finnkode=343857343,2020
"Stabburveien 5, 1617 Fredrikstad",116444,2019-07-12,El + Bensin,289000,Mitsubishi Outlander,"Mitsubishi Outlander PHEV Instyle + 2,4 224hk, H.feste, 12 mnd garanti",https://www.finn.no/car/used/ad.html?finnkode=343857623,2019
"Kvernhusvegen 13, 2743 Harestua",99100,2018-12-11,Diesel,235000,Mitsubishi Outlander,Mitsubishi Outlander 2.2  DI-D Instyle+ 4x4 AT,https://www.finn.no/car/used/ad.html?finnkode=343863931,2018
"Vangsveien 91, 2317 Hamar",77776,2019-12-16,El + Bensin,349000,Mitsubishi Outlander,"Mitsubishi Outlander Instyle 2,4 224hk . Populær SUV med hengerfeste.",https://www.finn.no/car/used/ad.html?finnkode=343866423,2020
"Autoveien 3, 2827 Hunndalen",96000,2017-11-22,El + Bensin,249000,Mitsubishi Outlander,Mitsubishi Outlander 4x4 l Aut l Hengerfeste l Navigasjon l Ryggekamera,https://www.finn.no/car/used/ad.html?finnkode=343866602,2017
"Tømmervegen 2, 6445 Malmefjorden",86094,2016-05-18,El + Bensin,249900,Mitsubishi Outlander,Mitsubishi Outlander Instyle+2.0 PHEV SE KM!/SKINN/H.FESTE/ADAPTIV/VELHOLDT,https://www.finn.no/car/used/ad.html?finnkode=343869128,2016
"Org.nr 987 739 231, 7820 Spillum",56986,2019-11-28,El + Bensin,349000,Mitsubishi Outlander,Mitsubishi Outlander 2.4  PHEV Instyle+ /KROK/LEDBAR/APPLE CARP/ANDROID/,https://www.finn.no/car/used/ad.html?finnkode=343867413,2020
"Kritlevegen 2, 5521 Haugesund",147306,2014-10-16,Diesel,119000,Mitsubishi Outlander,Mitsubishi Outlander OUTLANDER 2.3-150 D 4WD,https://www.finn.no/car/used/ad.html?finnkode=343860161,2014
"Leangen Alle 6, 7044 Trondheim",59000,2018-07-30,El + Bensin,299000,Mitsubishi Outlander,Mitsubishi Outlander 2.0  PHEV S Edition NORSK-LAVKM-KROK-7ÅRSGARANTI-NAVI++,https://www.finn.no/car/used/ad.html?finnkode=343871299,2018
"Leangen Alle 6, 7044 Trondheim",65000,2019-11-27,El + Bensin,349000,Mitsubishi Outlander,Mitsubishi Outlander 2.4  PHEV Instyle+NORSK-7ÅRSGARANTI-NAVI-KAMERA++,https://www.finn.no/car/used/ad.html?finnkode=343869118,2020
"Wergelandsvegen 23, 7500 Stjørdal",99200,2017-04-07,Diesel,329000,Mitsubishi Outlander,Mitsubishi Outlander 2.2 Di-D 150hk. 4WD Aut Skinn 24Mnd GARANTI,https://www.finn.no/car/used/ad.html?finnkode=343870862,2017
"Wergelandsvegen 23, 7500 Stjørdal",74500,2019-08-28,El + Bensin,329000,Mitsubishi Outlander,Mitsubishi Outlander 2.4 PHEV 230hk AWD InstylePlus Ad.Cruise 24Mnd Garanti,https://www.finn.no/car/used/ad.html?finnkode=343873689,2020
"Leangen Alle 6, 7044 Trondheim",68000,2019-08-13,El + Bensin,349000,Mitsubishi Outlander,Mitsubishi Outlander 2.4  PHEV Instyle+ NORSK-7ÅRSGARANTI-NAVI-KROK++,https://www.finn.no/car/used/ad.html?finnkode=343873547,2020
"Jogstadveien 19, 2007 Kjeller",27500,2021-03-24,El + Bensin,369000,Mitsubishi Outlander,"Mitsubishi Outlander Instyle 2,4 224hk NORSK - 7 ÅRS GARANTI - TECTYL",https://www.finn.no/car/used/ad.html?finnkode=343872584,2020
"Kakkelovnskroken 1, 0954 Oslo",103278,2017-10-19,El + Bensin,229000,Mitsubishi Outlander,Mitsubishi Outlander Instyle+ PHEV 4X4/NORSK/1 EIER/3ISOFIX/SKINN/PARKVARMER,https://www.finn.no/car/used/ad.html?finnkode=343876949,2018
"Oslovegen 400, 2920 Leira i Valdres",93000,2019-09-12,El + Bensin,299900,Mitsubishi Outlander,"Mitsubishi Outlander Intense+ 2,4 224hk Lyst skinn, hengerfeste,",https://www.finn.no/car/used/ad.html?finnkode=343886694,2020
"Hoveveien 34, 4306 Sandnes",65000,2018-12-28,El + Bensin,319000,Mitsubishi Outlander,Mitsubishi Outlander PHEV AWD KAMERA ACC WEBESTO NORSK INSTYLE+,https://www.finn.no/car/used/ad.html?finnkode=343877646,2019
"Heddeland industriområde 2, 4534 Marnardal",297896,2010-12-03,Diesel,51845,Mitsubishi Outlander,Mitsubishi Outlander OUTLANDER 2.3-140 D 4WD,https://www.finn.no/car/used/ad.html?finnkode=343875514,2011
2429 Tørberget,115000,2018-03-26,El + Bensin,224305,Mitsubishi Outlander,Mitsubishi Outlander OUTLANDER 2.0-121 4WD,https://www.finn.no/car/used/ad.html?finnkode=343889085,2018
